"CU_ID","Species","Stock","Label","Year","Metric","Value","LBM","UBM","Status","Data_Type"
"Case1","Chinook","CU1_Chinook","SpnForAbd_Wild",1995,"RelAbd",21855.943515063,13651,26833,"Amber","Abs_Abd"
"Case1","Chinook","CU1_Chinook","SpnForAbd_Wild",1996,"RelAbd",24698.0799203392,13651,26833,"Amber","Abs_Abd"
"Case1","Chinook","CU1_Chinook","SpnForAbd_Wild",1997,"RelAbd",25988.9048544477,13651,26833,"Amber","Abs_Abd"
"Case1","Chinook","CU1_Chinook","SpnForAbd_Wild",1998,"RelAbd",25618.296945124,13651,26833,"Amber","Abs_Abd"
"Case1","Chinook","CU1_Chinook","SpnForAbd_Wild",1999,"RelAbd",33401.9670010064,13651,26833,"Green","Abs_Abd"
"Case1","Chinook","CU1_Chinook","SpnForAbd_Wild",2000,"RelAbd",30824.7082850307,13651,26833,"Green","Abs_Abd"
"Case1","Chinook","CU1_Chinook","SpnForAbd_Wild",2001,"RelAbd",34596.2210734159,13651,26833,"Green","Abs_Abd"
"Case1","Chinook","CU1_Chinook","SpnForAbd_Wild",2002,"RelAbd",38406.6478317237,13651,26833,"Green","Abs_Abd"
"Case1","Chinook","CU1_Chinook","SpnForAbd_Wild",2003,"RelAbd",36107.5911023302,13651,26833,"Green","Abs_Abd"
"Case1","Chinook","CU1_Chinook","SpnForAbd_Wild",2004,"RelAbd",32325.4336466518,13651,26833,"Green","Abs_Abd"
"Case1","Chinook","CU1_Chinook","SpnForAbd_Wild",2005,"RelAbd",27864.9719285239,13651,26833,"Green","Abs_Abd"
"Case1","Chinook","CU1_Chinook","SpnForAbd_Wild",2006,"RelAbd",28966.0288213008,13651,26833,"Green","Abs_Abd"
"Case1","Chinook","CU1_Chinook","SpnForAbd_Wild",2007,"RelAbd",24249.3355064613,13651,26833,"Amber","Abs_Abd"
"Case1","Chinook","CU1_Chinook","SpnForAbd_Wild",2008,"RelAbd",23417.6737848105,13651,26833,"Amber","Abs_Abd"
"Case1","Chinook","CU1_Chinook","SpnForAbd_Wild",2009,"RelAbd",25477.5491782922,13651,26833,"Amber","Abs_Abd"
"Case1","Chinook","CU1_Chinook","SpnForAbd_Wild",2010,"RelAbd",26718.2553953535,13651,26833,"Amber","Abs_Abd"
"Case1","Chinook","CU1_Chinook","SpnForAbd_Wild",2011,"RelAbd",27459.868360194,13651,26833,"Green","Abs_Abd"
"Case1","Chinook","CU1_Chinook","SpnForAbd_Wild",2012,"RelAbd",19313.9845265335,13651,26833,"Amber","Abs_Abd"
"Case1","Chinook","CU1_Chinook","SpnForAbd_Wild",2013,"RelAbd",19163.7215647858,13651,26833,"Amber","Abs_Abd"
"Case1","Chinook","CU1_Chinook","SpnForAbd_Wild",2014,"RelAbd",16740.9250019487,13651,26833,"Amber","Abs_Abd"
"Case1","Chinook","CU1_Chinook","SpnForAbd_Wild",2015,"RelAbd",20367.0910091003,13651,26833,"Amber","Abs_Abd"
"Case1","Chinook","CU1_Chinook","SpnForAbd_Wild",2016,"RelAbd",23621.163216145,13651,26833,"Amber","Abs_Abd"
"Case1","Chinook","CU1_Chinook","SpnForAbd_Wild",2017,"RelAbd",20264.2164546722,13651,26833,"Amber","Abs_Abd"
"Case1","Chinook","CU1_Chinook","SpnForAbd_Wild",2018,"RelAbd",15820.7755839088,13651,26833,"Amber","Abs_Abd"
"Case1","Chinook","CU1_Chinook","SpnForAbd_Wild",2019,"RelAbd",14249.3082286595,13651,26833,"Amber","Abs_Abd"
"Case1","Chinook","CU1_Chinook","SpnForAbd_Wild",2020,"RelAbd",19705.5071092156,13651,26833,"Amber","Abs_Abd"
"Case1","Chinook","CU1_Chinook","SpnForAbd_Wild",2021,"RelAbd",24385.1520068173,13651,26833,"Amber","Abs_Abd"
"Case1","Chinook","CU1_Chinook","SpnForAbd_Wild",2022,"RelAbd",29285.777771397,13651,26833,"Green","Abs_Abd"
"Case1","Chinook","CU1_Chinook","SpnForAbd_Wild",2023,"RelAbd",38625.899371848,13651,26833,"Green","Abs_Abd"
"Case1","Chinook","CU1_Chinook","SpnForAbd_Wild",1995,"AbsAbd",21855.943515063,1000,10000,"Green","Abs_Abd"
"Case1","Chinook","CU1_Chinook","SpnForAbd_Wild",1996,"AbsAbd",24698.0799203392,1000,10000,"Green","Abs_Abd"
"Case1","Chinook","CU1_Chinook","SpnForAbd_Wild",1997,"AbsAbd",25988.9048544477,1000,10000,"Green","Abs_Abd"
"Case1","Chinook","CU1_Chinook","SpnForAbd_Wild",1998,"AbsAbd",25618.296945124,1000,10000,"Green","Abs_Abd"
"Case1","Chinook","CU1_Chinook","SpnForAbd_Wild",1999,"AbsAbd",33401.9670010064,1000,10000,"Green","Abs_Abd"
"Case1","Chinook","CU1_Chinook","SpnForAbd_Wild",2000,"AbsAbd",30824.7082850307,1000,10000,"Green","Abs_Abd"
"Case1","Chinook","CU1_Chinook","SpnForAbd_Wild",2001,"AbsAbd",34596.2210734159,1000,10000,"Green","Abs_Abd"
"Case1","Chinook","CU1_Chinook","SpnForAbd_Wild",2002,"AbsAbd",38406.6478317237,1000,10000,"Green","Abs_Abd"
"Case1","Chinook","CU1_Chinook","SpnForAbd_Wild",2003,"AbsAbd",36107.5911023302,1000,10000,"Green","Abs_Abd"
"Case1","Chinook","CU1_Chinook","SpnForAbd_Wild",2004,"AbsAbd",32325.4336466518,1000,10000,"Green","Abs_Abd"
"Case1","Chinook","CU1_Chinook","SpnForAbd_Wild",2005,"AbsAbd",27864.9719285239,1000,10000,"Green","Abs_Abd"
"Case1","Chinook","CU1_Chinook","SpnForAbd_Wild",2006,"AbsAbd",28966.0288213008,1000,10000,"Green","Abs_Abd"
"Case1","Chinook","CU1_Chinook","SpnForAbd_Wild",2007,"AbsAbd",24249.3355064613,1000,10000,"Green","Abs_Abd"
"Case1","Chinook","CU1_Chinook","SpnForAbd_Wild",2008,"AbsAbd",23417.6737848105,1000,10000,"Green","Abs_Abd"
"Case1","Chinook","CU1_Chinook","SpnForAbd_Wild",2009,"AbsAbd",25477.5491782922,1000,10000,"Green","Abs_Abd"
"Case1","Chinook","CU1_Chinook","SpnForAbd_Wild",2010,"AbsAbd",26718.2553953535,1000,10000,"Green","Abs_Abd"
"Case1","Chinook","CU1_Chinook","SpnForAbd_Wild",2011,"AbsAbd",27459.868360194,1000,10000,"Green","Abs_Abd"
"Case1","Chinook","CU1_Chinook","SpnForAbd_Wild",2012,"AbsAbd",19313.9845265335,1000,10000,"Green","Abs_Abd"
"Case1","Chinook","CU1_Chinook","SpnForAbd_Wild",2013,"AbsAbd",19163.7215647858,1000,10000,"Green","Abs_Abd"
"Case1","Chinook","CU1_Chinook","SpnForAbd_Wild",2014,"AbsAbd",16740.9250019487,1000,10000,"Green","Abs_Abd"
"Case1","Chinook","CU1_Chinook","SpnForAbd_Wild",2015,"AbsAbd",20367.0910091003,1000,10000,"Green","Abs_Abd"
"Case1","Chinook","CU1_Chinook","SpnForAbd_Wild",2016,"AbsAbd",23621.163216145,1000,10000,"Green","Abs_Abd"
"Case1","Chinook","CU1_Chinook","SpnForAbd_Wild",2017,"AbsAbd",20264.2164546722,1000,10000,"Green","Abs_Abd"
"Case1","Chinook","CU1_Chinook","SpnForAbd_Wild",2018,"AbsAbd",15820.7755839088,1000,10000,"Green","Abs_Abd"
"Case1","Chinook","CU1_Chinook","SpnForAbd_Wild",2019,"AbsAbd",14249.3082286595,1000,10000,"Green","Abs_Abd"
"Case1","Chinook","CU1_Chinook","SpnForAbd_Wild",2020,"AbsAbd",19705.5071092156,1000,10000,"Green","Abs_Abd"
"Case1","Chinook","CU1_Chinook","SpnForAbd_Wild",2021,"AbsAbd",24385.1520068173,1000,10000,"Green","Abs_Abd"
"Case1","Chinook","CU1_Chinook","SpnForAbd_Wild",2022,"AbsAbd",29285.777771397,1000,10000,"Green","Abs_Abd"
"Case1","Chinook","CU1_Chinook","SpnForAbd_Wild",2023,"AbsAbd",38625.899371848,1000,10000,"Green","Abs_Abd"
"Case2","Sockeye","CU2_Sockeye","SpnForAbd_Wild",1995,"RelAbd",2732.89930395003,4710,16946,"Red","Abs_Abd"
"Case2","Sockeye","CU2_Sockeye","SpnForAbd_Wild",1996,"RelAbd",4090.99231130386,4710,16946,"Red","Abs_Abd"
"Case2","Sockeye","CU2_Sockeye","SpnForAbd_Wild",1997,"RelAbd",4068.58923669669,4710,16946,"Red","Abs_Abd"
"Case2","Sockeye","CU2_Sockeye","SpnForAbd_Wild",1998,"RelAbd",5809.67261094819,4710,16946,"Amber","Abs_Abd"
"Case2","Sockeye","CU2_Sockeye","SpnForAbd_Wild",1999,"RelAbd",9410.70598120225,4710,16946,"Amber","Abs_Abd"
"Case2","Sockeye","CU2_Sockeye","SpnForAbd_Wild",2000,"RelAbd",10277.4182810479,4710,16946,"Amber","Abs_Abd"
"Case2","Sockeye","CU2_Sockeye","SpnForAbd_Wild",2001,"RelAbd",16199.4396553877,4710,16946,"Amber","Abs_Abd"
"Case2","Sockeye","CU2_Sockeye","SpnForAbd_Wild",2002,"RelAbd",20738.1968172346,4710,16946,"Green","Abs_Abd"
"Case2","Sockeye","CU2_Sockeye","SpnForAbd_Wild",2003,"RelAbd",22156.4500295836,4710,16946,"Green","Abs_Abd"
"Case2","Sockeye","CU2_Sockeye","SpnForAbd_Wild",2004,"RelAbd",12377.052162044,4710,16946,"Amber","Abs_Abd"
"Case2","Sockeye","CU2_Sockeye","SpnForAbd_Wild",2005,"RelAbd",12030.8465494797,4710,16946,"Amber","Abs_Abd"
"Case2","Sockeye","CU2_Sockeye","SpnForAbd_Wild",2006,"RelAbd",8997.78487215124,4710,16946,"Amber","Abs_Abd"
"Case2","Sockeye","CU2_Sockeye","SpnForAbd_Wild",2007,"RelAbd",9974.97998334276,4710,16946,"Amber","Abs_Abd"
"Case2","Sockeye","CU2_Sockeye","SpnForAbd_Wild",2008,"RelAbd",10519.516650655,4710,16946,"Amber","Abs_Abd"
"Case2","Sockeye","CU2_Sockeye","SpnForAbd_Wild",2009,"RelAbd",8368.90135052922,4710,16946,"Amber","Abs_Abd"
"Case2","Sockeye","CU2_Sockeye","SpnForAbd_Wild",2010,"RelAbd",7976.81565545127,4710,16946,"Amber","Abs_Abd"
"Case2","Sockeye","CU2_Sockeye","SpnForAbd_Wild",2011,"RelAbd",6949.69732998125,4710,16946,"Amber","Abs_Abd"
"Case2","Sockeye","CU2_Sockeye","SpnForAbd_Wild",2012,"RelAbd",5725.01577857438,4710,16946,"Amber","Abs_Abd"
"Case2","Sockeye","CU2_Sockeye","SpnForAbd_Wild",2013,"RelAbd",6304.95230227194,4710,16946,"Amber","Abs_Abd"
"Case2","Sockeye","CU2_Sockeye","SpnForAbd_Wild",2014,"RelAbd",8652.78711287497,4710,16946,"Amber","Abs_Abd"
"Case2","Sockeye","CU2_Sockeye","SpnForAbd_Wild",2015,"RelAbd",10189.7423717098,4710,16946,"Amber","Abs_Abd"
"Case2","Sockeye","CU2_Sockeye","SpnForAbd_Wild",2016,"RelAbd",12287.288365144,4710,16946,"Amber","Abs_Abd"
"Case2","Sockeye","CU2_Sockeye","SpnForAbd_Wild",2017,"RelAbd",8675.54021160955,4710,16946,"Amber","Abs_Abd"
"Case2","Sockeye","CU2_Sockeye","SpnForAbd_Wild",2018,"RelAbd",5833.91372058278,4710,16946,"Amber","Abs_Abd"
"Case2","Sockeye","CU2_Sockeye","SpnForAbd_Wild",2019,"RelAbd",2593.06606726277,4710,16946,"Red","Abs_Abd"
"Case2","Sockeye","CU2_Sockeye","SpnForAbd_Wild",2020,"RelAbd",2403.43828898863,4710,16946,"Red","Abs_Abd"
"Case2","Sockeye","CU2_Sockeye","SpnForAbd_Wild",2021,"RelAbd",2294.67489708002,4710,16946,"Red","Abs_Abd"
"Case2","Sockeye","CU2_Sockeye","SpnForAbd_Wild",2022,"RelAbd",2334.20412554041,4710,16946,"Red","Abs_Abd"
"Case2","Sockeye","CU2_Sockeye","SpnForAbd_Wild",1995,"AbsAbd",2732.89930395003,1000,10000,"Amber","Abs_Abd"
"Case2","Sockeye","CU2_Sockeye","SpnForAbd_Wild",1996,"AbsAbd",4090.99231130386,1000,10000,"Amber","Abs_Abd"
"Case2","Sockeye","CU2_Sockeye","SpnForAbd_Wild",1997,"AbsAbd",4068.58923669669,1000,10000,"Amber","Abs_Abd"
"Case2","Sockeye","CU2_Sockeye","SpnForAbd_Wild",1998,"AbsAbd",5809.67261094819,1000,10000,"Amber","Abs_Abd"
"Case2","Sockeye","CU2_Sockeye","SpnForAbd_Wild",1999,"AbsAbd",9410.70598120225,1000,10000,"Amber","Abs_Abd"
"Case2","Sockeye","CU2_Sockeye","SpnForAbd_Wild",2000,"AbsAbd",10277.4182810479,1000,10000,"Green","Abs_Abd"
"Case2","Sockeye","CU2_Sockeye","SpnForAbd_Wild",2001,"AbsAbd",16199.4396553877,1000,10000,"Green","Abs_Abd"
"Case2","Sockeye","CU2_Sockeye","SpnForAbd_Wild",2002,"AbsAbd",20738.1968172346,1000,10000,"Green","Abs_Abd"
"Case2","Sockeye","CU2_Sockeye","SpnForAbd_Wild",2003,"AbsAbd",22156.4500295836,1000,10000,"Green","Abs_Abd"
"Case2","Sockeye","CU2_Sockeye","SpnForAbd_Wild",2004,"AbsAbd",12377.052162044,1000,10000,"Green","Abs_Abd"
"Case2","Sockeye","CU2_Sockeye","SpnForAbd_Wild",2005,"AbsAbd",12030.8465494797,1000,10000,"Green","Abs_Abd"
"Case2","Sockeye","CU2_Sockeye","SpnForAbd_Wild",2006,"AbsAbd",8997.78487215124,1000,10000,"Amber","Abs_Abd"
"Case2","Sockeye","CU2_Sockeye","SpnForAbd_Wild",2007,"AbsAbd",9974.97998334276,1000,10000,"Amber","Abs_Abd"
"Case2","Sockeye","CU2_Sockeye","SpnForAbd_Wild",2008,"AbsAbd",10519.516650655,1000,10000,"Green","Abs_Abd"
"Case2","Sockeye","CU2_Sockeye","SpnForAbd_Wild",2009,"AbsAbd",8368.90135052922,1000,10000,"Amber","Abs_Abd"
"Case2","Sockeye","CU2_Sockeye","SpnForAbd_Wild",2010,"AbsAbd",7976.81565545127,1000,10000,"Amber","Abs_Abd"
"Case2","Sockeye","CU2_Sockeye","SpnForAbd_Wild",2011,"AbsAbd",6949.69732998125,1000,10000,"Amber","Abs_Abd"
"Case2","Sockeye","CU2_Sockeye","SpnForAbd_Wild",2012,"AbsAbd",5725.01577857438,1000,10000,"Amber","Abs_Abd"
"Case2","Sockeye","CU2_Sockeye","SpnForAbd_Wild",2013,"AbsAbd",6304.95230227194,1000,10000,"Amber","Abs_Abd"
"Case2","Sockeye","CU2_Sockeye","SpnForAbd_Wild",2014,"AbsAbd",8652.78711287497,1000,10000,"Amber","Abs_Abd"
"Case2","Sockeye","CU2_Sockeye","SpnForAbd_Wild",2015,"AbsAbd",10189.7423717098,1000,10000,"Green","Abs_Abd"
"Case2","Sockeye","CU2_Sockeye","SpnForAbd_Wild",2016,"AbsAbd",12287.288365144,1000,10000,"Green","Abs_Abd"
"Case2","Sockeye","CU2_Sockeye","SpnForAbd_Wild",2017,"AbsAbd",8675.54021160955,1000,10000,"Amber","Abs_Abd"
"Case2","Sockeye","CU2_Sockeye","SpnForAbd_Wild",2018,"AbsAbd",5833.91372058278,1000,10000,"Amber","Abs_Abd"
"Case2","Sockeye","CU2_Sockeye","SpnForAbd_Wild",2019,"AbsAbd",2593.06606726277,1000,10000,"Amber","Abs_Abd"
"Case2","Sockeye","CU2_Sockeye","SpnForAbd_Wild",2020,"AbsAbd",2403.43828898863,1000,10000,"Amber","Abs_Abd"
"Case2","Sockeye","CU2_Sockeye","SpnForAbd_Wild",2021,"AbsAbd",2294.67489708002,1000,10000,"Amber","Abs_Abd"
"Case2","Sockeye","CU2_Sockeye","SpnForAbd_Wild",2022,"AbsAbd",2334.20412554041,1000,10000,"Amber","Abs_Abd"
"Case3","Chinook","CU3_Chinook","SpnForAbd_Wild",1995,"RelAbd",NA,21244,48317,NA,"Rel_Idx"
"Case3","Chinook","CU3_Chinook","SpnForAbd_Wild",1996,"RelAbd",NA,21244,48317,NA,"Rel_Idx"
"Case3","Chinook","CU3_Chinook","SpnForAbd_Wild",1997,"RelAbd",NA,21244,48317,NA,"Rel_Idx"
"Case3","Chinook","CU3_Chinook","SpnForAbd_Wild",1998,"RelAbd",NA,21244,48317,NA,"Rel_Idx"
"Case3","Chinook","CU3_Chinook","SpnForAbd_Wild",1999,"RelAbd",NA,21244,48317,NA,"Rel_Idx"
"Case3","Chinook","CU3_Chinook","SpnForAbd_Wild",2000,"RelAbd",NA,21244,48317,NA,"Rel_Idx"
"Case3","Chinook","CU3_Chinook","SpnForAbd_Wild",2001,"RelAbd",NA,21244,48317,NA,"Rel_Idx"
"Case3","Chinook","CU3_Chinook","SpnForAbd_Wild",2002,"RelAbd",NA,21244,48317,NA,"Rel_Idx"
"Case3","Chinook","CU3_Chinook","SpnForAbd_Wild",2003,"RelAbd",NA,21244,48317,NA,"Rel_Idx"
"Case3","Chinook","CU3_Chinook","SpnForAbd_Wild",2004,"RelAbd",NA,21244,48317,NA,"Rel_Idx"
"Case3","Chinook","CU3_Chinook","SpnForAbd_Wild",2005,"RelAbd",NA,21244,48317,NA,"Rel_Idx"
"Case3","Chinook","CU3_Chinook","SpnForAbd_Wild",2006,"RelAbd",NA,21244,48317,NA,"Rel_Idx"
"Case3","Chinook","CU3_Chinook","SpnForAbd_Wild",2007,"RelAbd",NA,21244,48317,NA,"Rel_Idx"
"Case3","Chinook","CU3_Chinook","SpnForAbd_Wild",2008,"RelAbd",NA,21244,48317,NA,"Rel_Idx"
"Case3","Chinook","CU3_Chinook","SpnForAbd_Wild",2009,"RelAbd",NA,21244,48317,NA,"Rel_Idx"
"Case3","Chinook","CU3_Chinook","SpnForAbd_Wild",2010,"RelAbd",NA,21244,48317,NA,"Rel_Idx"
"Case3","Chinook","CU3_Chinook","SpnForAbd_Wild",2011,"RelAbd",NA,21244,48317,NA,"Rel_Idx"
"Case3","Chinook","CU3_Chinook","SpnForAbd_Wild",2012,"RelAbd",NA,21244,48317,NA,"Rel_Idx"
"Case3","Chinook","CU3_Chinook","SpnForAbd_Wild",2013,"RelAbd",NA,21244,48317,NA,"Rel_Idx"
"Case3","Chinook","CU3_Chinook","SpnForAbd_Wild",2014,"RelAbd",NA,21244,48317,NA,"Rel_Idx"
"Case3","Chinook","CU3_Chinook","SpnForAbd_Wild",2015,"RelAbd",NA,21244,48317,NA,"Rel_Idx"
"Case3","Chinook","CU3_Chinook","SpnForAbd_Wild",2016,"RelAbd",NA,21244,48317,NA,"Rel_Idx"
"Case3","Chinook","CU3_Chinook","SpnForAbd_Wild",2017,"RelAbd",NA,21244,48317,NA,"Rel_Idx"
"Case3","Chinook","CU3_Chinook","SpnForAbd_Wild",2018,"RelAbd",NA,21244,48317,NA,"Rel_Idx"
"Case3","Chinook","CU3_Chinook","SpnForAbd_Wild",2019,"RelAbd",NA,21244,48317,NA,"Rel_Idx"
"Case3","Chinook","CU3_Chinook","SpnForAbd_Wild",2020,"RelAbd",NA,21244,48317,NA,"Rel_Idx"
"Case3","Chinook","CU3_Chinook","SpnForAbd_Wild",2021,"RelAbd",NA,21244,48317,NA,"Rel_Idx"
"Case3","Chinook","CU3_Chinook","SpnForAbd_Wild",2022,"RelAbd",NA,21244,48317,NA,"Rel_Idx"
"Case3","Chinook","CU3_Chinook","SpnForAbd_Wild",2023,"RelAbd",NA,21244,48317,NA,"Rel_Idx"
"Case3","Chinook","CU3_Chinook","SpnForAbd_Wild",1995,"AbsAbd",NA,1000,10000,NA,"Rel_Idx"
"Case3","Chinook","CU3_Chinook","SpnForAbd_Wild",1996,"AbsAbd",NA,1000,10000,NA,"Rel_Idx"
"Case3","Chinook","CU3_Chinook","SpnForAbd_Wild",1997,"AbsAbd",NA,1000,10000,NA,"Rel_Idx"
"Case3","Chinook","CU3_Chinook","SpnForAbd_Wild",1998,"AbsAbd",NA,1000,10000,NA,"Rel_Idx"
"Case3","Chinook","CU3_Chinook","SpnForAbd_Wild",1999,"AbsAbd",NA,1000,10000,NA,"Rel_Idx"
"Case3","Chinook","CU3_Chinook","SpnForAbd_Wild",2000,"AbsAbd",NA,1000,10000,NA,"Rel_Idx"
"Case3","Chinook","CU3_Chinook","SpnForAbd_Wild",2001,"AbsAbd",NA,1000,10000,NA,"Rel_Idx"
"Case3","Chinook","CU3_Chinook","SpnForAbd_Wild",2002,"AbsAbd",NA,1000,10000,NA,"Rel_Idx"
"Case3","Chinook","CU3_Chinook","SpnForAbd_Wild",2003,"AbsAbd",NA,1000,10000,NA,"Rel_Idx"
"Case3","Chinook","CU3_Chinook","SpnForAbd_Wild",2004,"AbsAbd",NA,1000,10000,NA,"Rel_Idx"
"Case3","Chinook","CU3_Chinook","SpnForAbd_Wild",2005,"AbsAbd",NA,1000,10000,NA,"Rel_Idx"
"Case3","Chinook","CU3_Chinook","SpnForAbd_Wild",2006,"AbsAbd",NA,1000,10000,NA,"Rel_Idx"
"Case3","Chinook","CU3_Chinook","SpnForAbd_Wild",2007,"AbsAbd",NA,1000,10000,NA,"Rel_Idx"
"Case3","Chinook","CU3_Chinook","SpnForAbd_Wild",2008,"AbsAbd",NA,1000,10000,NA,"Rel_Idx"
"Case3","Chinook","CU3_Chinook","SpnForAbd_Wild",2009,"AbsAbd",NA,1000,10000,NA,"Rel_Idx"
"Case3","Chinook","CU3_Chinook","SpnForAbd_Wild",2010,"AbsAbd",NA,1000,10000,NA,"Rel_Idx"
"Case3","Chinook","CU3_Chinook","SpnForAbd_Wild",2011,"AbsAbd",NA,1000,10000,NA,"Rel_Idx"
"Case3","Chinook","CU3_Chinook","SpnForAbd_Wild",2012,"AbsAbd",NA,1000,10000,NA,"Rel_Idx"
"Case3","Chinook","CU3_Chinook","SpnForAbd_Wild",2013,"AbsAbd",NA,1000,10000,NA,"Rel_Idx"
"Case3","Chinook","CU3_Chinook","SpnForAbd_Wild",2014,"AbsAbd",NA,1000,10000,NA,"Rel_Idx"
"Case3","Chinook","CU3_Chinook","SpnForAbd_Wild",2015,"AbsAbd",NA,1000,10000,NA,"Rel_Idx"
"Case3","Chinook","CU3_Chinook","SpnForAbd_Wild",2016,"AbsAbd",NA,1000,10000,NA,"Rel_Idx"
"Case3","Chinook","CU3_Chinook","SpnForAbd_Wild",2017,"AbsAbd",NA,1000,10000,NA,"Rel_Idx"
"Case3","Chinook","CU3_Chinook","SpnForAbd_Wild",2018,"AbsAbd",NA,1000,10000,NA,"Rel_Idx"
"Case3","Chinook","CU3_Chinook","SpnForAbd_Wild",2019,"AbsAbd",NA,1000,10000,NA,"Rel_Idx"
"Case3","Chinook","CU3_Chinook","SpnForAbd_Wild",2020,"AbsAbd",NA,1000,10000,NA,"Rel_Idx"
"Case3","Chinook","CU3_Chinook","SpnForAbd_Wild",2021,"AbsAbd",NA,1000,10000,NA,"Rel_Idx"
"Case3","Chinook","CU3_Chinook","SpnForAbd_Wild",2022,"AbsAbd",NA,1000,10000,NA,"Rel_Idx"
"Case3","Chinook","CU3_Chinook","SpnForAbd_Wild",2023,"AbsAbd",NA,1000,10000,NA,"Rel_Idx"
"Case4","Sockeye","CU4_Sockeye","SpnForAbd_Wild",1995,"RelAbd",NA,NA,NA,NA,"Rel_Idx"
"Case4","Sockeye","CU4_Sockeye","SpnForAbd_Wild",1996,"RelAbd",NA,NA,NA,NA,"Rel_Idx"
"Case4","Sockeye","CU4_Sockeye","SpnForAbd_Wild",1997,"RelAbd",NA,NA,NA,NA,"Rel_Idx"
"Case4","Sockeye","CU4_Sockeye","SpnForAbd_Wild",1998,"RelAbd",NA,NA,NA,NA,"Rel_Idx"
"Case4","Sockeye","CU4_Sockeye","SpnForAbd_Wild",1999,"RelAbd",NA,NA,NA,NA,"Rel_Idx"
"Case4","Sockeye","CU4_Sockeye","SpnForAbd_Wild",2000,"RelAbd",NA,NA,NA,NA,"Rel_Idx"
"Case4","Sockeye","CU4_Sockeye","SpnForAbd_Wild",2001,"RelAbd",NA,NA,NA,NA,"Rel_Idx"
"Case4","Sockeye","CU4_Sockeye","SpnForAbd_Wild",2002,"RelAbd",NA,NA,NA,NA,"Rel_Idx"
"Case4","Sockeye","CU4_Sockeye","SpnForAbd_Wild",2003,"RelAbd",NA,NA,NA,NA,"Rel_Idx"
"Case4","Sockeye","CU4_Sockeye","SpnForAbd_Wild",2004,"RelAbd",NA,NA,NA,NA,"Rel_Idx"
"Case4","Sockeye","CU4_Sockeye","SpnForAbd_Wild",2005,"RelAbd",NA,NA,NA,NA,"Rel_Idx"
"Case4","Sockeye","CU4_Sockeye","SpnForAbd_Wild",2006,"RelAbd",NA,NA,NA,NA,"Rel_Idx"
"Case4","Sockeye","CU4_Sockeye","SpnForAbd_Wild",2007,"RelAbd",NA,NA,NA,NA,"Rel_Idx"
"Case4","Sockeye","CU4_Sockeye","SpnForAbd_Wild",2008,"RelAbd",NA,NA,NA,NA,"Rel_Idx"
"Case4","Sockeye","CU4_Sockeye","SpnForAbd_Wild",2009,"RelAbd",NA,NA,NA,NA,"Rel_Idx"
"Case4","Sockeye","CU4_Sockeye","SpnForAbd_Wild",2010,"RelAbd",NA,NA,NA,NA,"Rel_Idx"
"Case4","Sockeye","CU4_Sockeye","SpnForAbd_Wild",2011,"RelAbd",NA,NA,NA,NA,"Rel_Idx"
"Case4","Sockeye","CU4_Sockeye","SpnForAbd_Wild",2012,"RelAbd",NA,NA,NA,NA,"Rel_Idx"
"Case4","Sockeye","CU4_Sockeye","SpnForAbd_Wild",2013,"RelAbd",NA,NA,NA,NA,"Rel_Idx"
"Case4","Sockeye","CU4_Sockeye","SpnForAbd_Wild",2014,"RelAbd",NA,NA,NA,NA,"Rel_Idx"
"Case4","Sockeye","CU4_Sockeye","SpnForAbd_Wild",2015,"RelAbd",NA,NA,NA,NA,"Rel_Idx"
"Case4","Sockeye","CU4_Sockeye","SpnForAbd_Wild",2016,"RelAbd",NA,NA,NA,NA,"Rel_Idx"
"Case4","Sockeye","CU4_Sockeye","SpnForAbd_Wild",2017,"RelAbd",NA,NA,NA,NA,"Rel_Idx"
"Case4","Sockeye","CU4_Sockeye","SpnForAbd_Wild",2018,"RelAbd",NA,NA,NA,NA,"Rel_Idx"
"Case4","Sockeye","CU4_Sockeye","SpnForAbd_Wild",2019,"RelAbd",NA,NA,NA,NA,"Rel_Idx"
"Case4","Sockeye","CU4_Sockeye","SpnForAbd_Wild",2020,"RelAbd",NA,NA,NA,NA,"Rel_Idx"
"Case4","Sockeye","CU4_Sockeye","SpnForAbd_Wild",2021,"RelAbd",NA,NA,NA,NA,"Rel_Idx"
"Case4","Sockeye","CU4_Sockeye","SpnForAbd_Wild",2022,"RelAbd",NA,NA,NA,NA,"Rel_Idx"
"Case4","Sockeye","CU4_Sockeye","SpnForAbd_Wild",2023,"RelAbd",NA,NA,NA,NA,"Rel_Idx"
"Case4","Sockeye","CU4_Sockeye","SpnForAbd_Wild",1995,"AbsAbd",NA,1000,10000,NA,"Rel_Idx"
"Case4","Sockeye","CU4_Sockeye","SpnForAbd_Wild",1996,"AbsAbd",NA,1000,10000,NA,"Rel_Idx"
"Case4","Sockeye","CU4_Sockeye","SpnForAbd_Wild",1997,"AbsAbd",NA,1000,10000,NA,"Rel_Idx"
"Case4","Sockeye","CU4_Sockeye","SpnForAbd_Wild",1998,"AbsAbd",NA,1000,10000,NA,"Rel_Idx"
"Case4","Sockeye","CU4_Sockeye","SpnForAbd_Wild",1999,"AbsAbd",NA,1000,10000,NA,"Rel_Idx"
"Case4","Sockeye","CU4_Sockeye","SpnForAbd_Wild",2000,"AbsAbd",NA,1000,10000,NA,"Rel_Idx"
"Case4","Sockeye","CU4_Sockeye","SpnForAbd_Wild",2001,"AbsAbd",NA,1000,10000,NA,"Rel_Idx"
"Case4","Sockeye","CU4_Sockeye","SpnForAbd_Wild",2002,"AbsAbd",NA,1000,10000,NA,"Rel_Idx"
"Case4","Sockeye","CU4_Sockeye","SpnForAbd_Wild",2003,"AbsAbd",NA,1000,10000,NA,"Rel_Idx"
"Case4","Sockeye","CU4_Sockeye","SpnForAbd_Wild",2004,"AbsAbd",NA,1000,10000,NA,"Rel_Idx"
"Case4","Sockeye","CU4_Sockeye","SpnForAbd_Wild",2005,"AbsAbd",NA,1000,10000,NA,"Rel_Idx"
"Case4","Sockeye","CU4_Sockeye","SpnForAbd_Wild",2006,"AbsAbd",NA,1000,10000,NA,"Rel_Idx"
"Case4","Sockeye","CU4_Sockeye","SpnForAbd_Wild",2007,"AbsAbd",NA,1000,10000,NA,"Rel_Idx"
"Case4","Sockeye","CU4_Sockeye","SpnForAbd_Wild",2008,"AbsAbd",NA,1000,10000,NA,"Rel_Idx"
"Case4","Sockeye","CU4_Sockeye","SpnForAbd_Wild",2009,"AbsAbd",NA,1000,10000,NA,"Rel_Idx"
"Case4","Sockeye","CU4_Sockeye","SpnForAbd_Wild",2010,"AbsAbd",NA,1000,10000,NA,"Rel_Idx"
"Case4","Sockeye","CU4_Sockeye","SpnForAbd_Wild",2011,"AbsAbd",NA,1000,10000,NA,"Rel_Idx"
"Case4","Sockeye","CU4_Sockeye","SpnForAbd_Wild",2012,"AbsAbd",NA,1000,10000,NA,"Rel_Idx"
"Case4","Sockeye","CU4_Sockeye","SpnForAbd_Wild",2013,"AbsAbd",NA,1000,10000,NA,"Rel_Idx"
"Case4","Sockeye","CU4_Sockeye","SpnForAbd_Wild",2014,"AbsAbd",NA,1000,10000,NA,"Rel_Idx"
"Case4","Sockeye","CU4_Sockeye","SpnForAbd_Wild",2015,"AbsAbd",NA,1000,10000,NA,"Rel_Idx"
"Case4","Sockeye","CU4_Sockeye","SpnForAbd_Wild",2016,"AbsAbd",NA,1000,10000,NA,"Rel_Idx"
"Case4","Sockeye","CU4_Sockeye","SpnForAbd_Wild",2017,"AbsAbd",NA,1000,10000,NA,"Rel_Idx"
"Case4","Sockeye","CU4_Sockeye","SpnForAbd_Wild",2018,"AbsAbd",NA,1000,10000,NA,"Rel_Idx"
"Case4","Sockeye","CU4_Sockeye","SpnForAbd_Wild",2019,"AbsAbd",NA,1000,10000,NA,"Rel_Idx"
"Case4","Sockeye","CU4_Sockeye","SpnForAbd_Wild",2020,"AbsAbd",NA,1000,10000,NA,"Rel_Idx"
"Case4","Sockeye","CU4_Sockeye","SpnForAbd_Wild",2021,"AbsAbd",NA,1000,10000,NA,"Rel_Idx"
"Case4","Sockeye","CU4_Sockeye","SpnForAbd_Wild",2022,"AbsAbd",NA,1000,10000,NA,"Rel_Idx"
"Case4","Sockeye","CU4_Sockeye","SpnForAbd_Wild",2023,"AbsAbd",NA,1000,10000,NA,"Rel_Idx"
"Case5","Chinook","CU5_Chinook","SpnForAbd_Wild",1995,"RelAbd",NA,NA,NA,NA,"Abs_Abd"
"Case5","Chinook","CU5_Chinook","SpnForAbd_Wild",1996,"RelAbd",NA,NA,NA,NA,"Abs_Abd"
"Case5","Chinook","CU5_Chinook","SpnForAbd_Wild",1997,"RelAbd",NA,NA,NA,NA,"Abs_Abd"
"Case5","Chinook","CU5_Chinook","SpnForAbd_Wild",1998,"RelAbd",NA,NA,NA,NA,"Abs_Abd"
"Case5","Chinook","CU5_Chinook","SpnForAbd_Wild",1999,"RelAbd",NA,NA,NA,NA,"Abs_Abd"
"Case5","Chinook","CU5_Chinook","SpnForAbd_Wild",2000,"RelAbd",NA,NA,NA,NA,"Abs_Abd"
"Case5","Chinook","CU5_Chinook","SpnForAbd_Wild",2001,"RelAbd",NA,NA,NA,NA,"Abs_Abd"
"Case5","Chinook","CU5_Chinook","SpnForAbd_Wild",2002,"RelAbd",NA,NA,NA,NA,"Abs_Abd"
"Case5","Chinook","CU5_Chinook","SpnForAbd_Wild",2003,"RelAbd",NA,NA,NA,NA,"Abs_Abd"
"Case5","Chinook","CU5_Chinook","SpnForAbd_Wild",2004,"RelAbd",NA,NA,NA,NA,"Abs_Abd"
"Case5","Chinook","CU5_Chinook","SpnForAbd_Wild",2005,"RelAbd",NA,NA,NA,NA,"Abs_Abd"
"Case5","Chinook","CU5_Chinook","SpnForAbd_Wild",2006,"RelAbd",NA,NA,NA,NA,"Abs_Abd"
"Case5","Chinook","CU5_Chinook","SpnForAbd_Wild",2007,"RelAbd",NA,NA,NA,NA,"Abs_Abd"
"Case5","Chinook","CU5_Chinook","SpnForAbd_Wild",2008,"RelAbd",NA,NA,NA,NA,"Abs_Abd"
"Case5","Chinook","CU5_Chinook","SpnForAbd_Wild",2009,"RelAbd",12.4714785315049,NA,NA,NA,"Abs_Abd"
"Case5","Chinook","CU5_Chinook","SpnForAbd_Wild",2010,"RelAbd",7.61350819167864,NA,NA,NA,"Abs_Abd"
"Case5","Chinook","CU5_Chinook","SpnForAbd_Wild",2011,"RelAbd",9.32460511105626,NA,NA,NA,"Abs_Abd"
"Case5","Chinook","CU5_Chinook","SpnForAbd_Wild",2012,"RelAbd",9.12395865581764,NA,NA,NA,"Abs_Abd"
"Case5","Chinook","CU5_Chinook","SpnForAbd_Wild",2013,"RelAbd",14.0176415536193,NA,NA,NA,"Abs_Abd"
"Case5","Chinook","CU5_Chinook","SpnForAbd_Wild",2014,"RelAbd",24.9272833521072,NA,NA,NA,"Abs_Abd"
"Case5","Chinook","CU5_Chinook","SpnForAbd_Wild",2015,"RelAbd",33.681749124286,NA,NA,NA,"Abs_Abd"
"Case5","Chinook","CU5_Chinook","SpnForAbd_Wild",2016,"RelAbd",46.7996310862947,NA,NA,NA,"Abs_Abd"
"Case5","Chinook","CU5_Chinook","SpnForAbd_Wild",2017,"RelAbd",51.4570626798105,NA,NA,NA,"Abs_Abd"
"Case5","Chinook","CU5_Chinook","SpnForAbd_Wild",2018,"RelAbd",34.4114117896874,NA,NA,NA,"Abs_Abd"
"Case5","Chinook","CU5_Chinook","SpnForAbd_Wild",2019,"RelAbd",24.7283235089792,NA,NA,NA,"Abs_Abd"
"Case5","Chinook","CU5_Chinook","SpnForAbd_Wild",2020,"RelAbd",29.0417217595422,NA,NA,NA,"Abs_Abd"
"Case5","Chinook","CU5_Chinook","SpnForAbd_Wild",2021,"RelAbd",31.7084418278692,NA,NA,NA,"Abs_Abd"
"Case5","Chinook","CU5_Chinook","SpnForAbd_Wild",2022,"RelAbd",40.2641224402628,NA,NA,NA,"Abs_Abd"
"Case5","Chinook","CU5_Chinook","SpnForAbd_Wild",2023,"RelAbd",38.2273401065942,NA,NA,NA,"Abs_Abd"
"Case5","Chinook","CU5_Chinook","SpnForAbd_Wild",1995,"AbsAbd",NA,1000,10000,NA,"Abs_Abd"
"Case5","Chinook","CU5_Chinook","SpnForAbd_Wild",1996,"AbsAbd",NA,1000,10000,NA,"Abs_Abd"
"Case5","Chinook","CU5_Chinook","SpnForAbd_Wild",1997,"AbsAbd",NA,1000,10000,NA,"Abs_Abd"
"Case5","Chinook","CU5_Chinook","SpnForAbd_Wild",1998,"AbsAbd",NA,1000,10000,NA,"Abs_Abd"
"Case5","Chinook","CU5_Chinook","SpnForAbd_Wild",1999,"AbsAbd",NA,1000,10000,NA,"Abs_Abd"
"Case5","Chinook","CU5_Chinook","SpnForAbd_Wild",2000,"AbsAbd",NA,1000,10000,NA,"Abs_Abd"
"Case5","Chinook","CU5_Chinook","SpnForAbd_Wild",2001,"AbsAbd",NA,1000,10000,NA,"Abs_Abd"
"Case5","Chinook","CU5_Chinook","SpnForAbd_Wild",2002,"AbsAbd",NA,1000,10000,NA,"Abs_Abd"
"Case5","Chinook","CU5_Chinook","SpnForAbd_Wild",2003,"AbsAbd",NA,1000,10000,NA,"Abs_Abd"
"Case5","Chinook","CU5_Chinook","SpnForAbd_Wild",2004,"AbsAbd",NA,1000,10000,NA,"Abs_Abd"
"Case5","Chinook","CU5_Chinook","SpnForAbd_Wild",2005,"AbsAbd",NA,1000,10000,NA,"Abs_Abd"
"Case5","Chinook","CU5_Chinook","SpnForAbd_Wild",2006,"AbsAbd",NA,1000,10000,NA,"Abs_Abd"
"Case5","Chinook","CU5_Chinook","SpnForAbd_Wild",2007,"AbsAbd",NA,1000,10000,NA,"Abs_Abd"
"Case5","Chinook","CU5_Chinook","SpnForAbd_Wild",2008,"AbsAbd",NA,1000,10000,NA,"Abs_Abd"
"Case5","Chinook","CU5_Chinook","SpnForAbd_Wild",2009,"AbsAbd",12.4714785315049,1000,10000,"Red","Abs_Abd"
"Case5","Chinook","CU5_Chinook","SpnForAbd_Wild",2010,"AbsAbd",7.61350819167864,1000,10000,"Red","Abs_Abd"
"Case5","Chinook","CU5_Chinook","SpnForAbd_Wild",2011,"AbsAbd",9.32460511105626,1000,10000,"Red","Abs_Abd"
"Case5","Chinook","CU5_Chinook","SpnForAbd_Wild",2012,"AbsAbd",9.12395865581764,1000,10000,"Red","Abs_Abd"
"Case5","Chinook","CU5_Chinook","SpnForAbd_Wild",2013,"AbsAbd",14.0176415536193,1000,10000,"Red","Abs_Abd"
"Case5","Chinook","CU5_Chinook","SpnForAbd_Wild",2014,"AbsAbd",24.9272833521072,1000,10000,"Red","Abs_Abd"
"Case5","Chinook","CU5_Chinook","SpnForAbd_Wild",2015,"AbsAbd",33.681749124286,1000,10000,"Red","Abs_Abd"
"Case5","Chinook","CU5_Chinook","SpnForAbd_Wild",2016,"AbsAbd",46.7996310862947,1000,10000,"Red","Abs_Abd"
"Case5","Chinook","CU5_Chinook","SpnForAbd_Wild",2017,"AbsAbd",51.4570626798105,1000,10000,"Red","Abs_Abd"
"Case5","Chinook","CU5_Chinook","SpnForAbd_Wild",2018,"AbsAbd",34.4114117896874,1000,10000,"Red","Abs_Abd"
"Case5","Chinook","CU5_Chinook","SpnForAbd_Wild",2019,"AbsAbd",24.7283235089792,1000,10000,"Red","Abs_Abd"
"Case5","Chinook","CU5_Chinook","SpnForAbd_Wild",2020,"AbsAbd",29.0417217595422,1000,10000,"Red","Abs_Abd"
"Case5","Chinook","CU5_Chinook","SpnForAbd_Wild",2021,"AbsAbd",31.7084418278692,1000,10000,"Red","Abs_Abd"
"Case5","Chinook","CU5_Chinook","SpnForAbd_Wild",2022,"AbsAbd",40.2641224402628,1000,10000,"Red","Abs_Abd"
"Case5","Chinook","CU5_Chinook","SpnForAbd_Wild",2023,"AbsAbd",38.2273401065942,1000,10000,"Red","Abs_Abd"
"Case6","Coho","CU6_Coho","SpnForAbd_Wild",1995,"RelAbd",NA,327,1099,NA,"Abs_Abd"
"Case6","Coho","CU6_Coho","SpnForAbd_Wild",1996,"RelAbd",NA,327,1099,NA,"Abs_Abd"
"Case6","Coho","CU6_Coho","SpnForAbd_Wild",1997,"RelAbd",NA,327,1099,NA,"Abs_Abd"
"Case6","Coho","CU6_Coho","SpnForAbd_Wild",1998,"RelAbd",NA,327,1099,NA,"Abs_Abd"
"Case6","Coho","CU6_Coho","SpnForAbd_Wild",1999,"RelAbd",NA,327,1099,NA,"Abs_Abd"
"Case6","Coho","CU6_Coho","SpnForAbd_Wild",2000,"RelAbd",3932.36600273017,327,1099,"Green","Abs_Abd"
"Case6","Coho","CU6_Coho","SpnForAbd_Wild",2001,"RelAbd",4051.40266009567,327,1099,"Green","Abs_Abd"
"Case6","Coho","CU6_Coho","SpnForAbd_Wild",2002,"RelAbd",3957.2438507379,327,1099,"Green","Abs_Abd"
"Case6","Coho","CU6_Coho","SpnForAbd_Wild",2003,"RelAbd",4698.83824407914,327,1099,"Green","Abs_Abd"
"Case6","Coho","CU6_Coho","SpnForAbd_Wild",2004,"RelAbd",4672.72425556552,327,1099,"Green","Abs_Abd"
"Case6","Coho","CU6_Coho","SpnForAbd_Wild",2005,"RelAbd",3928.9297660922,327,1099,"Green","Abs_Abd"
"Case6","Coho","CU6_Coho","SpnForAbd_Wild",2006,"RelAbd",2775.65313804033,327,1099,"Green","Abs_Abd"
"Case6","Coho","CU6_Coho","SpnForAbd_Wild",2007,"RelAbd",2152.61909444777,327,1099,"Green","Abs_Abd"
"Case6","Coho","CU6_Coho","SpnForAbd_Wild",2008,"RelAbd",1710.29008108492,327,1099,"Green","Abs_Abd"
"Case6","Coho","CU6_Coho","SpnForAbd_Wild",2009,"RelAbd",1930.44174126197,327,1099,"Green","Abs_Abd"
"Case6","Coho","CU6_Coho","SpnForAbd_Wild",2010,"RelAbd",1801.77031674243,327,1099,"Green","Abs_Abd"
"Case6","Coho","CU6_Coho","SpnForAbd_Wild",2011,"RelAbd",2540.21326892579,327,1099,"Green","Abs_Abd"
"Case6","Coho","CU6_Coho","SpnForAbd_Wild",2012,"RelAbd",3315.96700257407,327,1099,"Green","Abs_Abd"
"Case6","Coho","CU6_Coho","SpnForAbd_Wild",2013,"RelAbd",4454.31665883533,327,1099,"Green","Abs_Abd"
"Case6","Coho","CU6_Coho","SpnForAbd_Wild",2014,"RelAbd",3073.85475446657,327,1099,"Green","Abs_Abd"
"Case6","Coho","CU6_Coho","SpnForAbd_Wild",2015,"RelAbd",1258.09163701176,327,1099,"Green","Abs_Abd"
"Case6","Coho","CU6_Coho","SpnForAbd_Wild",2016,"RelAbd",753.56487170277,327,1099,"Amber","Abs_Abd"
"Case6","Coho","CU6_Coho","SpnForAbd_Wild",2017,"RelAbd",877.891923745936,327,1099,"Amber","Abs_Abd"
"Case6","Coho","CU6_Coho","SpnForAbd_Wild",2018,"RelAbd",2114.12562671855,327,1099,"Green","Abs_Abd"
"Case6","Coho","CU6_Coho","SpnForAbd_Wild",2019,"RelAbd",2983.13504685334,327,1099,"Green","Abs_Abd"
"Case6","Coho","CU6_Coho","SpnForAbd_Wild",2020,"RelAbd",4398.36073377147,327,1099,"Green","Abs_Abd"
"Case6","Coho","CU6_Coho","SpnForAbd_Wild",2021,"RelAbd",3449.7830355191,327,1099,"Green","Abs_Abd"
"Case6","Coho","CU6_Coho","SpnForAbd_Wild",2022,"RelAbd",4324.56077404444,327,1099,"Green","Abs_Abd"
"Case6","Coho","CU6_Coho","SpnForAbd_Wild",2023,"RelAbd",4450.84795691331,327,1099,"Green","Abs_Abd"
"Case6","Coho","CU6_Coho","SpnForAbd_Wild",1995,"AbsAbd",NA,1000,10000,NA,"Abs_Abd"
"Case6","Coho","CU6_Coho","SpnForAbd_Wild",1996,"AbsAbd",NA,1000,10000,NA,"Abs_Abd"
"Case6","Coho","CU6_Coho","SpnForAbd_Wild",1997,"AbsAbd",NA,1000,10000,NA,"Abs_Abd"
"Case6","Coho","CU6_Coho","SpnForAbd_Wild",1998,"AbsAbd",NA,1000,10000,NA,"Abs_Abd"
"Case6","Coho","CU6_Coho","SpnForAbd_Wild",1999,"AbsAbd",NA,1000,10000,NA,"Abs_Abd"
"Case6","Coho","CU6_Coho","SpnForAbd_Wild",2000,"AbsAbd",3932.36600273017,1000,10000,"Amber","Abs_Abd"
"Case6","Coho","CU6_Coho","SpnForAbd_Wild",2001,"AbsAbd",4051.40266009567,1000,10000,"Amber","Abs_Abd"
"Case6","Coho","CU6_Coho","SpnForAbd_Wild",2002,"AbsAbd",3957.2438507379,1000,10000,"Amber","Abs_Abd"
"Case6","Coho","CU6_Coho","SpnForAbd_Wild",2003,"AbsAbd",4698.83824407914,1000,10000,"Amber","Abs_Abd"
"Case6","Coho","CU6_Coho","SpnForAbd_Wild",2004,"AbsAbd",4672.72425556552,1000,10000,"Amber","Abs_Abd"
"Case6","Coho","CU6_Coho","SpnForAbd_Wild",2005,"AbsAbd",3928.9297660922,1000,10000,"Amber","Abs_Abd"
"Case6","Coho","CU6_Coho","SpnForAbd_Wild",2006,"AbsAbd",2775.65313804033,1000,10000,"Amber","Abs_Abd"
"Case6","Coho","CU6_Coho","SpnForAbd_Wild",2007,"AbsAbd",2152.61909444777,1000,10000,"Amber","Abs_Abd"
"Case6","Coho","CU6_Coho","SpnForAbd_Wild",2008,"AbsAbd",1710.29008108492,1000,10000,"Amber","Abs_Abd"
"Case6","Coho","CU6_Coho","SpnForAbd_Wild",2009,"AbsAbd",1930.44174126197,1000,10000,"Amber","Abs_Abd"
"Case6","Coho","CU6_Coho","SpnForAbd_Wild",2010,"AbsAbd",1801.77031674243,1000,10000,"Amber","Abs_Abd"
"Case6","Coho","CU6_Coho","SpnForAbd_Wild",2011,"AbsAbd",2540.21326892579,1000,10000,"Amber","Abs_Abd"
"Case6","Coho","CU6_Coho","SpnForAbd_Wild",2012,"AbsAbd",3315.96700257407,1000,10000,"Amber","Abs_Abd"
"Case6","Coho","CU6_Coho","SpnForAbd_Wild",2013,"AbsAbd",4454.31665883533,1000,10000,"Amber","Abs_Abd"
"Case6","Coho","CU6_Coho","SpnForAbd_Wild",2014,"AbsAbd",3073.85475446657,1000,10000,"Amber","Abs_Abd"
"Case6","Coho","CU6_Coho","SpnForAbd_Wild",2015,"AbsAbd",1258.09163701176,1000,10000,"Amber","Abs_Abd"
"Case6","Coho","CU6_Coho","SpnForAbd_Wild",2016,"AbsAbd",753.56487170277,1000,10000,"Red","Abs_Abd"
"Case6","Coho","CU6_Coho","SpnForAbd_Wild",2017,"AbsAbd",877.891923745936,1000,10000,"Red","Abs_Abd"
"Case6","Coho","CU6_Coho","SpnForAbd_Wild",2018,"AbsAbd",2114.12562671855,1000,10000,"Amber","Abs_Abd"
"Case6","Coho","CU6_Coho","SpnForAbd_Wild",2019,"AbsAbd",2983.13504685334,1000,10000,"Amber","Abs_Abd"
"Case6","Coho","CU6_Coho","SpnForAbd_Wild",2020,"AbsAbd",4398.36073377147,1000,10000,"Amber","Abs_Abd"
"Case6","Coho","CU6_Coho","SpnForAbd_Wild",2021,"AbsAbd",3449.7830355191,1000,10000,"Amber","Abs_Abd"
"Case6","Coho","CU6_Coho","SpnForAbd_Wild",2022,"AbsAbd",4324.56077404444,1000,10000,"Amber","Abs_Abd"
"Case6","Coho","CU6_Coho","SpnForAbd_Wild",2023,"AbsAbd",4450.84795691331,1000,10000,"Amber","Abs_Abd"
"Case1","Chinook","CU1_Chinook","SpnForTrend_Wild",1995,"LongTrend",1.48,0.5,0.75,"Green","Abs_Abd"
"Case1","Chinook","CU1_Chinook","SpnForTrend_Wild",1996,"LongTrend",1.61,0.5,0.75,"Green","Abs_Abd"
"Case1","Chinook","CU1_Chinook","SpnForTrend_Wild",1997,"LongTrend",1.67,0.5,0.75,"Green","Abs_Abd"
"Case1","Chinook","CU1_Chinook","SpnForTrend_Wild",1998,"LongTrend",1.59,0.5,0.75,"Green","Abs_Abd"
"Case1","Chinook","CU1_Chinook","SpnForTrend_Wild",1999,"LongTrend",1.99,0.5,0.75,"Green","Abs_Abd"
"Case1","Chinook","CU1_Chinook","SpnForTrend_Wild",2000,"LongTrend",1.8,0.5,0.75,"Green","Abs_Abd"
"Case1","Chinook","CU1_Chinook","SpnForTrend_Wild",2001,"LongTrend",1.98,0.5,0.75,"Green","Abs_Abd"
"Case1","Chinook","CU1_Chinook","SpnForTrend_Wild",2002,"LongTrend",2.11,0.5,0.75,"Green","Abs_Abd"
"Case1","Chinook","CU1_Chinook","SpnForTrend_Wild",2003,"LongTrend",1.94,0.5,0.75,"Green","Abs_Abd"
"Case1","Chinook","CU1_Chinook","SpnForTrend_Wild",2004,"LongTrend",1.74,0.5,0.75,"Green","Abs_Abd"
"Case1","Chinook","CU1_Chinook","SpnForTrend_Wild",2005,"LongTrend",1.5,0.5,0.75,"Green","Abs_Abd"
"Case1","Chinook","CU1_Chinook","SpnForTrend_Wild",2006,"LongTrend",1.5,0.5,0.75,"Green","Abs_Abd"
"Case1","Chinook","CU1_Chinook","SpnForTrend_Wild",2007,"LongTrend",1.26,0.5,0.75,"Green","Abs_Abd"
"Case1","Chinook","CU1_Chinook","SpnForTrend_Wild",2008,"LongTrend",1.23,0.5,0.75,"Green","Abs_Abd"
"Case1","Chinook","CU1_Chinook","SpnForTrend_Wild",2009,"LongTrend",1.32,0.5,0.75,"Green","Abs_Abd"
"Case1","Chinook","CU1_Chinook","SpnForTrend_Wild",2010,"LongTrend",1.33,0.5,0.75,"Green","Abs_Abd"
"Case1","Chinook","CU1_Chinook","SpnForTrend_Wild",2011,"LongTrend",1.37,0.5,0.75,"Green","Abs_Abd"
"Case1","Chinook","CU1_Chinook","SpnForTrend_Wild",2012,"LongTrend",1.01,0.5,0.75,"Green","Abs_Abd"
"Case1","Chinook","CU1_Chinook","SpnForTrend_Wild",2013,"LongTrend",1,0.5,0.75,"Green","Abs_Abd"
"Case1","Chinook","CU1_Chinook","SpnForTrend_Wild",2014,"LongTrend",0.85,0.5,0.75,"Green","Abs_Abd"
"Case1","Chinook","CU1_Chinook","SpnForTrend_Wild",2015,"LongTrend",1.02,0.5,0.75,"Green","Abs_Abd"
"Case1","Chinook","CU1_Chinook","SpnForTrend_Wild",2016,"LongTrend",1.21,0.5,0.75,"Green","Abs_Abd"
"Case1","Chinook","CU1_Chinook","SpnForTrend_Wild",2017,"LongTrend",1.05,0.5,0.75,"Green","Abs_Abd"
"Case1","Chinook","CU1_Chinook","SpnForTrend_Wild",2018,"LongTrend",0.82,0.5,0.75,"Green","Abs_Abd"
"Case1","Chinook","CU1_Chinook","SpnForTrend_Wild",2019,"LongTrend",0.73,0.5,0.75,"Amber","Abs_Abd"
"Case1","Chinook","CU1_Chinook","SpnForTrend_Wild",2020,"LongTrend",1.01,0.5,0.75,"Green","Abs_Abd"
"Case1","Chinook","CU1_Chinook","SpnForTrend_Wild",2021,"LongTrend",1.24,0.5,0.75,"Green","Abs_Abd"
"Case1","Chinook","CU1_Chinook","SpnForTrend_Wild",2022,"LongTrend",1.47,0.5,0.75,"Green","Abs_Abd"
"Case1","Chinook","CU1_Chinook","SpnForTrend_Wild",2023,"LongTrend",1.88,0.5,0.75,"Green","Abs_Abd"
"Case1","Chinook","CU1_Chinook","SpnForTrend_Wild",1995,"PercChange",64.5438,-25,-15,"Green","Abs_Abd"
"Case1","Chinook","CU1_Chinook","SpnForTrend_Wild",1996,"PercChange",54.6961,-25,-15,"Green","Abs_Abd"
"Case1","Chinook","CU1_Chinook","SpnForTrend_Wild",1997,"PercChange",18.3239,-25,-15,"Green","Abs_Abd"
"Case1","Chinook","CU1_Chinook","SpnForTrend_Wild",1998,"PercChange",54.6079,-25,-15,"Green","Abs_Abd"
"Case1","Chinook","CU1_Chinook","SpnForTrend_Wild",1999,"PercChange",94.8538,-25,-15,"Green","Abs_Abd"
"Case1","Chinook","CU1_Chinook","SpnForTrend_Wild",2000,"PercChange",93.2104,-25,-15,"Green","Abs_Abd"
"Case1","Chinook","CU1_Chinook","SpnForTrend_Wild",2001,"PercChange",76.6683,-25,-15,"Green","Abs_Abd"
"Case1","Chinook","CU1_Chinook","SpnForTrend_Wild",2002,"PercChange",144.8148,-25,-15,"Green","Abs_Abd"
"Case1","Chinook","CU1_Chinook","SpnForTrend_Wild",2003,"PercChange",104.6399,-25,-15,"Green","Abs_Abd"
"Case1","Chinook","CU1_Chinook","SpnForTrend_Wild",2004,"PercChange",41.4353,-25,-15,"Green","Abs_Abd"
"Case1","Chinook","CU1_Chinook","SpnForTrend_Wild",2005,"PercChange",-13.7855,-25,-15,"Green","Abs_Abd"
"Case1","Chinook","CU1_Chinook","SpnForTrend_Wild",2006,"PercChange",39.4394,-25,-15,"Green","Abs_Abd"
"Case1","Chinook","CU1_Chinook","SpnForTrend_Wild",2007,"PercChange",-23.4952,-25,-15,"Amber","Abs_Abd"
"Case1","Chinook","CU1_Chinook","SpnForTrend_Wild",2008,"PercChange",-36.1196,-25,-15,"Red","Abs_Abd"
"Case1","Chinook","CU1_Chinook","SpnForTrend_Wild",2009,"PercChange",-50.2113,-25,-15,"Red","Abs_Abd"
"Case1","Chinook","CU1_Chinook","SpnForTrend_Wild",2010,"PercChange",-13.4674,-25,-15,"Green","Abs_Abd"
"Case1","Chinook","CU1_Chinook","SpnForTrend_Wild",2011,"PercChange",-15.2627,-25,-15,"Amber","Abs_Abd"
"Case1","Chinook","CU1_Chinook","SpnForTrend_Wild",2012,"PercChange",-65.2186,-25,-15,"Red","Abs_Abd"
"Case1","Chinook","CU1_Chinook","SpnForTrend_Wild",2013,"PercChange",-61.0658,-25,-15,"Red","Abs_Abd"
"Case1","Chinook","CU1_Chinook","SpnForTrend_Wild",2014,"PercChange",-20.1029,-25,-15,"Amber","Abs_Abd"
"Case1","Chinook","CU1_Chinook","SpnForTrend_Wild",2015,"PercChange",25.0974,-25,-15,"Green","Abs_Abd"
"Case1","Chinook","CU1_Chinook","SpnForTrend_Wild",2016,"PercChange",-37.5837,-25,-15,"Red","Abs_Abd"
"Case1","Chinook","CU1_Chinook","SpnForTrend_Wild",2017,"PercChange",-55.062,-25,-15,"Red","Abs_Abd"
"Case1","Chinook","CU1_Chinook","SpnForTrend_Wild",2018,"PercChange",-30.9041,-25,-15,"Red","Abs_Abd"
"Case1","Chinook","CU1_Chinook","SpnForTrend_Wild",2019,"PercChange",-21.3144,-25,-15,"Amber","Abs_Abd"
"Case1","Chinook","CU1_Chinook","SpnForTrend_Wild",2020,"PercChange",-24.3455,-25,-15,"Amber","Abs_Abd"
"Case1","Chinook","CU1_Chinook","SpnForTrend_Wild",2021,"PercChange",-4.0965,-25,-15,"Green","Abs_Abd"
"Case1","Chinook","CU1_Chinook","SpnForTrend_Wild",2022,"PercChange",121.1724,-25,-15,"Green","Abs_Abd"
"Case1","Chinook","CU1_Chinook","SpnForTrend_Wild",2023,"PercChange",306.8278,-25,-15,"Green","Abs_Abd"
"Case1","Chinook","CU1_Chinook","SpnForTrend_Wild",1995,"ProbDeclBelowLBM",1.5667,NA,NA,NA,"Abs_Abd"
"Case1","Chinook","CU1_Chinook","SpnForTrend_Wild",1996,"ProbDeclBelowLBM",1.8333,NA,NA,NA,"Abs_Abd"
"Case1","Chinook","CU1_Chinook","SpnForTrend_Wild",1997,"ProbDeclBelowLBM",7.5,NA,NA,NA,"Abs_Abd"
"Case1","Chinook","CU1_Chinook","SpnForTrend_Wild",1998,"ProbDeclBelowLBM",1.2,NA,NA,NA,"Abs_Abd"
"Case1","Chinook","CU1_Chinook","SpnForTrend_Wild",1999,"ProbDeclBelowLBM",0.6333,NA,NA,NA,"Abs_Abd"
"Case1","Chinook","CU1_Chinook","SpnForTrend_Wild",2000,"ProbDeclBelowLBM",0.6,NA,NA,NA,"Abs_Abd"
"Case1","Chinook","CU1_Chinook","SpnForTrend_Wild",2001,"ProbDeclBelowLBM",0.9333,NA,NA,NA,"Abs_Abd"
"Case1","Chinook","CU1_Chinook","SpnForTrend_Wild",2002,"ProbDeclBelowLBM",0.1333,NA,NA,NA,"Abs_Abd"
"Case1","Chinook","CU1_Chinook","SpnForTrend_Wild",2003,"ProbDeclBelowLBM",0.4667,NA,NA,NA,"Abs_Abd"
"Case1","Chinook","CU1_Chinook","SpnForTrend_Wild",2004,"ProbDeclBelowLBM",6.4667,NA,NA,NA,"Abs_Abd"
"Case1","Chinook","CU1_Chinook","SpnForTrend_Wild",2005,"ProbDeclBelowLBM",36.5667,NA,NA,NA,"Abs_Abd"
"Case1","Chinook","CU1_Chinook","SpnForTrend_Wild",2006,"ProbDeclBelowLBM",9.3333,NA,NA,NA,"Abs_Abd"
"Case1","Chinook","CU1_Chinook","SpnForTrend_Wild",2007,"ProbDeclBelowLBM",48.0333,NA,NA,NA,"Abs_Abd"
"Case1","Chinook","CU1_Chinook","SpnForTrend_Wild",2008,"ProbDeclBelowLBM",62.8667,NA,NA,NA,"Abs_Abd"
"Case1","Chinook","CU1_Chinook","SpnForTrend_Wild",2009,"ProbDeclBelowLBM",81.8,NA,NA,NA,"Abs_Abd"
"Case1","Chinook","CU1_Chinook","SpnForTrend_Wild",2010,"ProbDeclBelowLBM",40.5667,NA,NA,NA,"Abs_Abd"
"Case1","Chinook","CU1_Chinook","SpnForTrend_Wild",2011,"ProbDeclBelowLBM",39.9333,NA,NA,NA,"Abs_Abd"
"Case1","Chinook","CU1_Chinook","SpnForTrend_Wild",2012,"ProbDeclBelowLBM",84.8,NA,NA,NA,"Abs_Abd"
"Case1","Chinook","CU1_Chinook","SpnForTrend_Wild",2013,"ProbDeclBelowLBM",79.2333,NA,NA,NA,"Abs_Abd"
"Case1","Chinook","CU1_Chinook","SpnForTrend_Wild",2014,"ProbDeclBelowLBM",47.0333,NA,NA,NA,"Abs_Abd"
"Case1","Chinook","CU1_Chinook","SpnForTrend_Wild",2015,"ProbDeclBelowLBM",25.1,NA,NA,NA,"Abs_Abd"
"Case1","Chinook","CU1_Chinook","SpnForTrend_Wild",2016,"ProbDeclBelowLBM",58.1333,NA,NA,NA,"Abs_Abd"
"Case1","Chinook","CU1_Chinook","SpnForTrend_Wild",2017,"ProbDeclBelowLBM",72.6667,NA,NA,NA,"Abs_Abd"
"Case1","Chinook","CU1_Chinook","SpnForTrend_Wild",2018,"ProbDeclBelowLBM",54.6333,NA,NA,NA,"Abs_Abd"
"Case1","Chinook","CU1_Chinook","SpnForTrend_Wild",2019,"ProbDeclBelowLBM",47.6333,NA,NA,NA,"Abs_Abd"
"Case1","Chinook","CU1_Chinook","SpnForTrend_Wild",2020,"ProbDeclBelowLBM",49.5,NA,NA,NA,"Abs_Abd"
"Case1","Chinook","CU1_Chinook","SpnForTrend_Wild",2021,"ProbDeclBelowLBM",39.1,NA,NA,NA,"Abs_Abd"
"Case1","Chinook","CU1_Chinook","SpnForTrend_Wild",2022,"ProbDeclBelowLBM",7,NA,NA,NA,"Abs_Abd"
"Case1","Chinook","CU1_Chinook","SpnForTrend_Wild",2023,"ProbDeclBelowLBM",1.8333,NA,NA,NA,"Abs_Abd"
"Case1","Chinook","CU1_Chinook","SpnForTrend_Wild",1995,"Percentile",0.8333,0.25,0.5,"Green","Abs_Abd"
"Case1","Chinook","CU1_Chinook","SpnForTrend_Wild",1996,"Percentile",0.9474,0.25,0.5,"Green","Abs_Abd"
"Case1","Chinook","CU1_Chinook","SpnForTrend_Wild",1997,"Percentile",0.9,0.25,0.5,"Green","Abs_Abd"
"Case1","Chinook","CU1_Chinook","SpnForTrend_Wild",1998,"Percentile",0.8571,0.25,0.5,"Green","Abs_Abd"
"Case1","Chinook","CU1_Chinook","SpnForTrend_Wild",1999,"Percentile",0.9545,0.25,0.5,"Green","Abs_Abd"
"Case1","Chinook","CU1_Chinook","SpnForTrend_Wild",2000,"Percentile",0.913,0.25,0.5,"Green","Abs_Abd"
"Case1","Chinook","CU1_Chinook","SpnForTrend_Wild",2001,"Percentile",0.9167,0.25,0.5,"Green","Abs_Abd"
"Case1","Chinook","CU1_Chinook","SpnForTrend_Wild",2002,"Percentile",0.92,0.25,0.5,"Green","Abs_Abd"
"Case1","Chinook","CU1_Chinook","SpnForTrend_Wild",2003,"Percentile",0.9231,0.25,0.5,"Green","Abs_Abd"
"Case1","Chinook","CU1_Chinook","SpnForTrend_Wild",2004,"Percentile",0.9259,0.25,0.5,"Green","Abs_Abd"
"Case1","Chinook","CU1_Chinook","SpnForTrend_Wild",2005,"Percentile",0.8929,0.25,0.5,"Green","Abs_Abd"
"Case1","Chinook","CU1_Chinook","SpnForTrend_Wild",2006,"Percentile",0.8276,0.25,0.5,"Green","Abs_Abd"
"Case1","Chinook","CU1_Chinook","SpnForTrend_Wild",2007,"Percentile",0.7667,0.25,0.5,"Green","Abs_Abd"
"Case1","Chinook","CU1_Chinook","SpnForTrend_Wild",2008,"Percentile",0.7419,0.25,0.5,"Green","Abs_Abd"
"Case1","Chinook","CU1_Chinook","SpnForTrend_Wild",2009,"Percentile",0.6562,0.25,0.5,"Green","Abs_Abd"
"Case1","Chinook","CU1_Chinook","SpnForTrend_Wild",2010,"Percentile",0.6364,0.25,0.5,"Green","Abs_Abd"
"Case1","Chinook","CU1_Chinook","SpnForTrend_Wild",2011,"Percentile",0.6765,0.25,0.5,"Green","Abs_Abd"
"Case1","Chinook","CU1_Chinook","SpnForTrend_Wild",2012,"Percentile",0.6,0.25,0.5,"Green","Abs_Abd"
"Case1","Chinook","CU1_Chinook","SpnForTrend_Wild",2013,"Percentile",0.5556,0.25,0.5,"Green","Abs_Abd"
"Case1","Chinook","CU1_Chinook","SpnForTrend_Wild",2014,"Percentile",0.4595,0.25,0.5,"Amber","Abs_Abd"
"Case1","Chinook","CU1_Chinook","SpnForTrend_Wild",2015,"Percentile",0.2895,0.25,0.5,"Amber","Abs_Abd"
"Case1","Chinook","CU1_Chinook","SpnForTrend_Wild",2016,"Percentile",0.4359,0.25,0.5,"Amber","Abs_Abd"
"Case1","Chinook","CU1_Chinook","SpnForTrend_Wild",2017,"Percentile",0.425,0.25,0.5,"Amber","Abs_Abd"
"Case1","Chinook","CU1_Chinook","SpnForTrend_Wild",2018,"Percentile",0.439,0.25,0.5,"Amber","Abs_Abd"
"Case1","Chinook","CU1_Chinook","SpnForTrend_Wild",2019,"Percentile",0.3095,0.25,0.5,"Amber","Abs_Abd"
"Case1","Chinook","CU1_Chinook","SpnForTrend_Wild",2020,"Percentile",0.3023,0.25,0.5,"Amber","Abs_Abd"
"Case1","Chinook","CU1_Chinook","SpnForTrend_Wild",2021,"Percentile",0.2955,0.25,0.5,"Amber","Abs_Abd"
"Case1","Chinook","CU1_Chinook","SpnForTrend_Wild",2022,"Percentile",0.5333,0.25,0.5,"Green","Abs_Abd"
"Case1","Chinook","CU1_Chinook","SpnForTrend_Wild",2023,"Percentile",0.7609,0.25,0.5,"Green","Abs_Abd"
"Case2","Sockeye","CU2_Sockeye","SpnForTrend_Wild",1995,"LongTrend",0.61,0.5,0.75,"Amber","Abs_Abd"
"Case2","Sockeye","CU2_Sockeye","SpnForTrend_Wild",1996,"LongTrend",0.8,0.5,0.75,"Green","Abs_Abd"
"Case2","Sockeye","CU2_Sockeye","SpnForTrend_Wild",1997,"LongTrend",0.97,0.5,0.75,"Green","Abs_Abd"
"Case2","Sockeye","CU2_Sockeye","SpnForTrend_Wild",1998,"LongTrend",1.22,0.5,0.75,"Green","Abs_Abd"
"Case2","Sockeye","CU2_Sockeye","SpnForTrend_Wild",1999,"LongTrend",1.6,0.5,0.75,"Green","Abs_Abd"
"Case2","Sockeye","CU2_Sockeye","SpnForTrend_Wild",2000,"LongTrend",1.91,0.5,0.75,"Green","Abs_Abd"
"Case2","Sockeye","CU2_Sockeye","SpnForTrend_Wild",2001,"LongTrend",2.57,0.5,0.75,"Green","Abs_Abd"
"Case2","Sockeye","CU2_Sockeye","SpnForTrend_Wild",2002,"LongTrend",3.31,0.5,0.75,"Green","Abs_Abd"
"Case2","Sockeye","CU2_Sockeye","SpnForTrend_Wild",2003,"LongTrend",3.95,0.5,0.75,"Green","Abs_Abd"
"Case2","Sockeye","CU2_Sockeye","SpnForTrend_Wild",2004,"LongTrend",4.12,0.5,0.75,"Green","Abs_Abd"
"Case2","Sockeye","CU2_Sockeye","SpnForTrend_Wild",2005,"LongTrend",3.83,0.5,0.75,"Green","Abs_Abd"
"Case2","Sockeye","CU2_Sockeye","SpnForTrend_Wild",2006,"LongTrend",3.22,0.5,0.75,"Green","Abs_Abd"
"Case2","Sockeye","CU2_Sockeye","SpnForTrend_Wild",2007,"LongTrend",2.71,0.5,0.75,"Green","Abs_Abd"
"Case2","Sockeye","CU2_Sockeye","SpnForTrend_Wild",2008,"LongTrend",2.6,0.5,0.75,"Green","Abs_Abd"
"Case2","Sockeye","CU2_Sockeye","SpnForTrend_Wild",2009,"LongTrend",2.35,0.5,0.75,"Green","Abs_Abd"
"Case2","Sockeye","CU2_Sockeye","SpnForTrend_Wild",2010,"LongTrend",2.2,0.5,0.75,"Green","Abs_Abd"
"Case2","Sockeye","CU2_Sockeye","SpnForTrend_Wild",2011,"LongTrend",1.93,0.5,0.75,"Green","Abs_Abd"
"Case2","Sockeye","CU2_Sockeye","SpnForTrend_Wild",2012,"LongTrend",1.63,0.5,0.75,"Green","Abs_Abd"
"Case2","Sockeye","CU2_Sockeye","SpnForTrend_Wild",2013,"LongTrend",1.5,0.5,0.75,"Green","Abs_Abd"
"Case2","Sockeye","CU2_Sockeye","SpnForTrend_Wild",2014,"LongTrend",1.53,0.5,0.75,"Green","Abs_Abd"
"Case2","Sockeye","CU2_Sockeye","SpnForTrend_Wild",2015,"LongTrend",1.68,0.5,0.75,"Green","Abs_Abd"
"Case2","Sockeye","CU2_Sockeye","SpnForTrend_Wild",2016,"LongTrend",2.02,0.5,0.75,"Green","Abs_Abd"
"Case2","Sockeye","CU2_Sockeye","SpnForTrend_Wild",2017,"LongTrend",2.19,0.5,0.75,"Green","Abs_Abd"
"Case2","Sockeye","CU2_Sockeye","SpnForTrend_Wild",2018,"LongTrend",1.97,0.5,0.75,"Green","Abs_Abd"
"Case2","Sockeye","CU2_Sockeye","SpnForTrend_Wild",2019,"LongTrend",1.41,0.5,0.75,"Green","Abs_Abd"
"Case2","Sockeye","CU2_Sockeye","SpnForTrend_Wild",2020,"LongTrend",0.94,0.5,0.75,"Green","Abs_Abd"
"Case2","Sockeye","CU2_Sockeye","SpnForTrend_Wild",2021,"LongTrend",0.68,0.5,0.75,"Amber","Abs_Abd"
"Case2","Sockeye","CU2_Sockeye","SpnForTrend_Wild",2022,"LongTrend",0.54,0.5,0.75,"Amber","Abs_Abd"
"Case2","Sockeye","CU2_Sockeye","SpnForTrend_Wild",1995,"PercChange",-49.2954,-25,-15,"Red","Abs_Abd"
"Case2","Sockeye","CU2_Sockeye","SpnForTrend_Wild",1996,"PercChange",-35.3987,-25,-15,"Red","Abs_Abd"
"Case2","Sockeye","CU2_Sockeye","SpnForTrend_Wild",1997,"PercChange",-3.1558,-25,-15,"Green","Abs_Abd"
"Case2","Sockeye","CU2_Sockeye","SpnForTrend_Wild",1998,"PercChange",69.9375,-25,-15,"Green","Abs_Abd"
"Case2","Sockeye","CU2_Sockeye","SpnForTrend_Wild",1999,"PercChange",196.6637,-25,-15,"Green","Abs_Abd"
"Case2","Sockeye","CU2_Sockeye","SpnForTrend_Wild",2000,"PercChange",403.2039,-25,-15,"Green","Abs_Abd"
"Case2","Sockeye","CU2_Sockeye","SpnForTrend_Wild",2001,"PercChange",795.3741,-25,-15,"Green","Abs_Abd"
"Case2","Sockeye","CU2_Sockeye","SpnForTrend_Wild",2002,"PercChange",1257.5255,-25,-15,"Green","Abs_Abd"
"Case2","Sockeye","CU2_Sockeye","SpnForTrend_Wild",2003,"PercChange",1508.1958,-25,-15,"Green","Abs_Abd"
"Case2","Sockeye","CU2_Sockeye","SpnForTrend_Wild",2004,"PercChange",1036.8761,-25,-15,"Green","Abs_Abd"
"Case2","Sockeye","CU2_Sockeye","SpnForTrend_Wild",2005,"PercChange",692.9039,-25,-15,"Green","Abs_Abd"
"Case2","Sockeye","CU2_Sockeye","SpnForTrend_Wild",2006,"PercChange",367.3592,-25,-15,"Green","Abs_Abd"
"Case2","Sockeye","CU2_Sockeye","SpnForTrend_Wild",2007,"PercChange",191.9117,-25,-15,"Green","Abs_Abd"
"Case2","Sockeye","CU2_Sockeye","SpnForTrend_Wild",2008,"PercChange",105.8386,-25,-15,"Green","Abs_Abd"
"Case2","Sockeye","CU2_Sockeye","SpnForTrend_Wild",2009,"PercChange",13.716,-25,-15,"Green","Abs_Abd"
"Case2","Sockeye","CU2_Sockeye","SpnForTrend_Wild",2010,"PercChange",-29.5127,-25,-15,"Red","Abs_Abd"
"Case2","Sockeye","CU2_Sockeye","SpnForTrend_Wild",2011,"PercChange",-50.4841,-25,-15,"Red","Abs_Abd"
"Case2","Sockeye","CU2_Sockeye","SpnForTrend_Wild",2012,"PercChange",-66.5815,-25,-15,"Red","Abs_Abd"
"Case2","Sockeye","CU2_Sockeye","SpnForTrend_Wild",2013,"PercChange",-68.7822,-25,-15,"Red","Abs_Abd"
"Case2","Sockeye","CU2_Sockeye","SpnForTrend_Wild",2014,"PercChange",-59.9574,-25,-15,"Red","Abs_Abd"
"Case2","Sockeye","CU2_Sockeye","SpnForTrend_Wild",2015,"PercChange",-38.3502,-25,-15,"Red","Abs_Abd"
"Case2","Sockeye","CU2_Sockeye","SpnForTrend_Wild",2016,"PercChange",-16.558,-25,-15,"Amber","Abs_Abd"
"Case2","Sockeye","CU2_Sockeye","SpnForTrend_Wild",2017,"PercChange",-1.1941,-25,-15,"Green","Abs_Abd"
"Case2","Sockeye","CU2_Sockeye","SpnForTrend_Wild",2018,"PercChange",-12.5959,-25,-15,"Green","Abs_Abd"
"Case2","Sockeye","CU2_Sockeye","SpnForTrend_Wild",2019,"PercChange",-38.4251,-25,-15,"Red","Abs_Abd"
"Case2","Sockeye","CU2_Sockeye","SpnForTrend_Wild",2020,"PercChange",-52.7116,-25,-15,"Red","Abs_Abd"
"Case2","Sockeye","CU2_Sockeye","SpnForTrend_Wild",2021,"PercChange",-66.5063,-25,-15,"Red","Abs_Abd"
"Case2","Sockeye","CU2_Sockeye","SpnForTrend_Wild",2022,"PercChange",-73.6189,-25,-15,"Red","Abs_Abd"
"Case2","Sockeye","CU2_Sockeye","SpnForTrend_Wild",1995,"ProbDeclBelowLBM",92.2,NA,NA,NA,"Abs_Abd"
"Case2","Sockeye","CU2_Sockeye","SpnForTrend_Wild",1996,"ProbDeclBelowLBM",66.8,NA,NA,NA,"Abs_Abd"
"Case2","Sockeye","CU2_Sockeye","SpnForTrend_Wild",1997,"ProbDeclBelowLBM",23.4,NA,NA,NA,"Abs_Abd"
"Case2","Sockeye","CU2_Sockeye","SpnForTrend_Wild",1998,"ProbDeclBelowLBM",2.6,NA,NA,NA,"Abs_Abd"
"Case2","Sockeye","CU2_Sockeye","SpnForTrend_Wild",1999,"ProbDeclBelowLBM",0.2,NA,NA,NA,"Abs_Abd"
"Case2","Sockeye","CU2_Sockeye","SpnForTrend_Wild",2000,"ProbDeclBelowLBM",0,NA,NA,NA,"Abs_Abd"
"Case2","Sockeye","CU2_Sockeye","SpnForTrend_Wild",2001,"ProbDeclBelowLBM",0,NA,NA,NA,"Abs_Abd"
"Case2","Sockeye","CU2_Sockeye","SpnForTrend_Wild",2002,"ProbDeclBelowLBM",0,NA,NA,NA,"Abs_Abd"
"Case2","Sockeye","CU2_Sockeye","SpnForTrend_Wild",2003,"ProbDeclBelowLBM",0,NA,NA,NA,"Abs_Abd"
"Case2","Sockeye","CU2_Sockeye","SpnForTrend_Wild",2004,"ProbDeclBelowLBM",0,NA,NA,NA,"Abs_Abd"
"Case2","Sockeye","CU2_Sockeye","SpnForTrend_Wild",2005,"ProbDeclBelowLBM",0,NA,NA,NA,"Abs_Abd"
"Case2","Sockeye","CU2_Sockeye","SpnForTrend_Wild",2006,"ProbDeclBelowLBM",0,NA,NA,NA,"Abs_Abd"
"Case2","Sockeye","CU2_Sockeye","SpnForTrend_Wild",2007,"ProbDeclBelowLBM",0.2333,NA,NA,NA,"Abs_Abd"
"Case2","Sockeye","CU2_Sockeye","SpnForTrend_Wild",2008,"ProbDeclBelowLBM",1.1333,NA,NA,NA,"Abs_Abd"
"Case2","Sockeye","CU2_Sockeye","SpnForTrend_Wild",2009,"ProbDeclBelowLBM",11.9667,NA,NA,NA,"Abs_Abd"
"Case2","Sockeye","CU2_Sockeye","SpnForTrend_Wild",2010,"ProbDeclBelowLBM",58.1,NA,NA,NA,"Abs_Abd"
"Case2","Sockeye","CU2_Sockeye","SpnForTrend_Wild",2011,"ProbDeclBelowLBM",94.8,NA,NA,NA,"Abs_Abd"
"Case2","Sockeye","CU2_Sockeye","SpnForTrend_Wild",2012,"ProbDeclBelowLBM",99.9667,NA,NA,NA,"Abs_Abd"
"Case2","Sockeye","CU2_Sockeye","SpnForTrend_Wild",2013,"ProbDeclBelowLBM",100,NA,NA,NA,"Abs_Abd"
"Case2","Sockeye","CU2_Sockeye","SpnForTrend_Wild",2014,"ProbDeclBelowLBM",99.5333,NA,NA,NA,"Abs_Abd"
"Case2","Sockeye","CU2_Sockeye","SpnForTrend_Wild",2015,"ProbDeclBelowLBM",82.7333,NA,NA,NA,"Abs_Abd"
"Case2","Sockeye","CU2_Sockeye","SpnForTrend_Wild",2016,"ProbDeclBelowLBM",33.7667,NA,NA,NA,"Abs_Abd"
"Case2","Sockeye","CU2_Sockeye","SpnForTrend_Wild",2017,"ProbDeclBelowLBM",15.0333,NA,NA,NA,"Abs_Abd"
"Case2","Sockeye","CU2_Sockeye","SpnForTrend_Wild",2018,"ProbDeclBelowLBM",27.7,NA,NA,NA,"Abs_Abd"
"Case2","Sockeye","CU2_Sockeye","SpnForTrend_Wild",2019,"ProbDeclBelowLBM",69.9333,NA,NA,NA,"Abs_Abd"
"Case2","Sockeye","CU2_Sockeye","SpnForTrend_Wild",2020,"ProbDeclBelowLBM",84.8,NA,NA,NA,"Abs_Abd"
"Case2","Sockeye","CU2_Sockeye","SpnForTrend_Wild",2021,"ProbDeclBelowLBM",94.8667,NA,NA,NA,"Abs_Abd"
"Case2","Sockeye","CU2_Sockeye","SpnForTrend_Wild",2022,"ProbDeclBelowLBM",98.0667,NA,NA,NA,"Abs_Abd"
"Case2","Sockeye","CU2_Sockeye","SpnForTrend_Wild",1995,"Percentile",0.2093,0.25,0.5,"Red","Abs_Abd"
"Case2","Sockeye","CU2_Sockeye","SpnForTrend_Wild",1996,"Percentile",0.3864,0.25,0.5,"Amber","Abs_Abd"
"Case2","Sockeye","CU2_Sockeye","SpnForTrend_Wild",1997,"Percentile",0.5333,0.25,0.5,"Green","Abs_Abd"
"Case2","Sockeye","CU2_Sockeye","SpnForTrend_Wild",1998,"Percentile",0.6304,0.25,0.5,"Green","Abs_Abd"
"Case2","Sockeye","CU2_Sockeye","SpnForTrend_Wild",1999,"Percentile",0.7447,0.25,0.5,"Green","Abs_Abd"
"Case2","Sockeye","CU2_Sockeye","SpnForTrend_Wild",2000,"Percentile",0.7917,0.25,0.5,"Green","Abs_Abd"
"Case2","Sockeye","CU2_Sockeye","SpnForTrend_Wild",2001,"Percentile",0.9592,0.25,0.5,"Green","Abs_Abd"
"Case2","Sockeye","CU2_Sockeye","SpnForTrend_Wild",2002,"Percentile",0.96,0.25,0.5,"Green","Abs_Abd"
"Case2","Sockeye","CU2_Sockeye","SpnForTrend_Wild",2003,"Percentile",0.9608,0.25,0.5,"Green","Abs_Abd"
"Case2","Sockeye","CU2_Sockeye","SpnForTrend_Wild",2004,"Percentile",0.9615,0.25,0.5,"Green","Abs_Abd"
"Case2","Sockeye","CU2_Sockeye","SpnForTrend_Wild",2005,"Percentile",0.9623,0.25,0.5,"Green","Abs_Abd"
"Case2","Sockeye","CU2_Sockeye","SpnForTrend_Wild",2006,"Percentile",0.9444,0.25,0.5,"Green","Abs_Abd"
"Case2","Sockeye","CU2_Sockeye","SpnForTrend_Wild",2007,"Percentile",0.9091,0.25,0.5,"Green","Abs_Abd"
"Case2","Sockeye","CU2_Sockeye","SpnForTrend_Wild",2008,"Percentile",0.8929,0.25,0.5,"Green","Abs_Abd"
"Case2","Sockeye","CU2_Sockeye","SpnForTrend_Wild",2009,"Percentile",0.8772,0.25,0.5,"Green","Abs_Abd"
"Case2","Sockeye","CU2_Sockeye","SpnForTrend_Wild",2010,"Percentile",0.8621,0.25,0.5,"Green","Abs_Abd"
"Case2","Sockeye","CU2_Sockeye","SpnForTrend_Wild",2011,"Percentile",0.7966,0.25,0.5,"Green","Abs_Abd"
"Case2","Sockeye","CU2_Sockeye","SpnForTrend_Wild",2012,"Percentile",0.7167,0.25,0.5,"Green","Abs_Abd"
"Case2","Sockeye","CU2_Sockeye","SpnForTrend_Wild",2013,"Percentile",0.6557,0.25,0.5,"Green","Abs_Abd"
"Case2","Sockeye","CU2_Sockeye","SpnForTrend_Wild",2014,"Percentile",0.6613,0.25,0.5,"Green","Abs_Abd"
"Case2","Sockeye","CU2_Sockeye","SpnForTrend_Wild",2015,"Percentile",0.746,0.25,0.5,"Green","Abs_Abd"
"Case2","Sockeye","CU2_Sockeye","SpnForTrend_Wild",2016,"Percentile",0.8281,0.25,0.5,"Green","Abs_Abd"
"Case2","Sockeye","CU2_Sockeye","SpnForTrend_Wild",2017,"Percentile",0.8615,0.25,0.5,"Green","Abs_Abd"
"Case2","Sockeye","CU2_Sockeye","SpnForTrend_Wild",2018,"Percentile",0.8333,0.25,0.5,"Green","Abs_Abd"
"Case2","Sockeye","CU2_Sockeye","SpnForTrend_Wild",2019,"Percentile",0.6269,0.25,0.5,"Green","Abs_Abd"
"Case2","Sockeye","CU2_Sockeye","SpnForTrend_Wild",2020,"Percentile",0.4706,0.25,0.5,"Amber","Abs_Abd"
"Case2","Sockeye","CU2_Sockeye","SpnForTrend_Wild",2021,"Percentile",0.3623,0.25,0.5,"Amber","Abs_Abd"
"Case2","Sockeye","CU2_Sockeye","SpnForTrend_Wild",2022,"Percentile",0.2571,0.25,0.5,"Amber","Abs_Abd"
"Case3","Chinook","CU3_Chinook","SpnForTrend_Wild",1995,"LongTrend",1.04,0.5,0.75,"Green","Rel_Idx"
"Case3","Chinook","CU3_Chinook","SpnForTrend_Wild",1996,"LongTrend",1.26,0.5,0.75,"Green","Rel_Idx"
"Case3","Chinook","CU3_Chinook","SpnForTrend_Wild",1997,"LongTrend",1.72,0.5,0.75,"Green","Rel_Idx"
"Case3","Chinook","CU3_Chinook","SpnForTrend_Wild",1998,"LongTrend",3.13,0.5,0.75,"Green","Rel_Idx"
"Case3","Chinook","CU3_Chinook","SpnForTrend_Wild",1999,"LongTrend",3.75,0.5,0.75,"Green","Rel_Idx"
"Case3","Chinook","CU3_Chinook","SpnForTrend_Wild",2000,"LongTrend",3.07,0.5,0.75,"Green","Rel_Idx"
"Case3","Chinook","CU3_Chinook","SpnForTrend_Wild",2001,"LongTrend",3.02,0.5,0.75,"Green","Rel_Idx"
"Case3","Chinook","CU3_Chinook","SpnForTrend_Wild",2002,"LongTrend",2.71,0.5,0.75,"Green","Rel_Idx"
"Case3","Chinook","CU3_Chinook","SpnForTrend_Wild",2003,"LongTrend",3.23,0.5,0.75,"Green","Rel_Idx"
"Case3","Chinook","CU3_Chinook","SpnForTrend_Wild",2004,"LongTrend",3.87,0.5,0.75,"Green","Rel_Idx"
"Case3","Chinook","CU3_Chinook","SpnForTrend_Wild",2005,"LongTrend",4.26,0.5,0.75,"Green","Rel_Idx"
"Case3","Chinook","CU3_Chinook","SpnForTrend_Wild",2006,"LongTrend",4.87,0.5,0.75,"Green","Rel_Idx"
"Case3","Chinook","CU3_Chinook","SpnForTrend_Wild",2007,"LongTrend",4.94,0.5,0.75,"Green","Rel_Idx"
"Case3","Chinook","CU3_Chinook","SpnForTrend_Wild",2008,"LongTrend",5.57,0.5,0.75,"Green","Rel_Idx"
"Case3","Chinook","CU3_Chinook","SpnForTrend_Wild",2009,"LongTrend",5.08,0.5,0.75,"Green","Rel_Idx"
"Case3","Chinook","CU3_Chinook","SpnForTrend_Wild",2010,"LongTrend",4.43,0.5,0.75,"Green","Rel_Idx"
"Case3","Chinook","CU3_Chinook","SpnForTrend_Wild",2011,"LongTrend",4.95,0.5,0.75,"Green","Rel_Idx"
"Case3","Chinook","CU3_Chinook","SpnForTrend_Wild",2012,"LongTrend",4.24,0.5,0.75,"Green","Rel_Idx"
"Case3","Chinook","CU3_Chinook","SpnForTrend_Wild",2013,"LongTrend",4.49,0.5,0.75,"Green","Rel_Idx"
"Case3","Chinook","CU3_Chinook","SpnForTrend_Wild",2014,"LongTrend",3.65,0.5,0.75,"Green","Rel_Idx"
"Case3","Chinook","CU3_Chinook","SpnForTrend_Wild",2015,"LongTrend",3.64,0.5,0.75,"Green","Rel_Idx"
"Case3","Chinook","CU3_Chinook","SpnForTrend_Wild",2016,"LongTrend",4.13,0.5,0.75,"Green","Rel_Idx"
"Case3","Chinook","CU3_Chinook","SpnForTrend_Wild",2017,"LongTrend",3.78,0.5,0.75,"Green","Rel_Idx"
"Case3","Chinook","CU3_Chinook","SpnForTrend_Wild",2018,"LongTrend",3.46,0.5,0.75,"Green","Rel_Idx"
"Case3","Chinook","CU3_Chinook","SpnForTrend_Wild",2019,"LongTrend",3.39,0.5,0.75,"Green","Rel_Idx"
"Case3","Chinook","CU3_Chinook","SpnForTrend_Wild",2020,"LongTrend",4.26,0.5,0.75,"Green","Rel_Idx"
"Case3","Chinook","CU3_Chinook","SpnForTrend_Wild",2021,"LongTrend",4.91,0.5,0.75,"Green","Rel_Idx"
"Case3","Chinook","CU3_Chinook","SpnForTrend_Wild",2022,"LongTrend",6.19,0.5,0.75,"Green","Rel_Idx"
"Case3","Chinook","CU3_Chinook","SpnForTrend_Wild",2023,"LongTrend",8.22,0.5,0.75,"Green","Rel_Idx"
"Case3","Chinook","CU3_Chinook","SpnForTrend_Wild",1995,"PercChange",-30.5612,-25,-15,"Red","Rel_Idx"
"Case3","Chinook","CU3_Chinook","SpnForTrend_Wild",1996,"PercChange",13.6553,-25,-15,"Green","Rel_Idx"
"Case3","Chinook","CU3_Chinook","SpnForTrend_Wild",1997,"PercChange",81.9295,-25,-15,"Green","Rel_Idx"
"Case3","Chinook","CU3_Chinook","SpnForTrend_Wild",1998,"PercChange",263.086,-25,-15,"Green","Rel_Idx"
"Case3","Chinook","CU3_Chinook","SpnForTrend_Wild",1999,"PercChange",308.4176,-25,-15,"Green","Rel_Idx"
"Case3","Chinook","CU3_Chinook","SpnForTrend_Wild",2000,"PercChange",368.524,-25,-15,"Green","Rel_Idx"
"Case3","Chinook","CU3_Chinook","SpnForTrend_Wild",2001,"PercChange",631.4211,-25,-15,"Green","Rel_Idx"
"Case3","Chinook","CU3_Chinook","SpnForTrend_Wild",2002,"PercChange",583.767,-25,-15,"Green","Rel_Idx"
"Case3","Chinook","CU3_Chinook","SpnForTrend_Wild",2003,"PercChange",599.9289,-25,-15,"Green","Rel_Idx"
"Case3","Chinook","CU3_Chinook","SpnForTrend_Wild",2004,"PercChange",600.3647,-25,-15,"Green","Rel_Idx"
"Case3","Chinook","CU3_Chinook","SpnForTrend_Wild",2005,"PercChange",552.1661,-25,-15,"Green","Rel_Idx"
"Case3","Chinook","CU3_Chinook","SpnForTrend_Wild",2006,"PercChange",387.0961,-25,-15,"Green","Rel_Idx"
"Case3","Chinook","CU3_Chinook","SpnForTrend_Wild",2007,"PercChange",169.4308,-25,-15,"Green","Rel_Idx"
"Case3","Chinook","CU3_Chinook","SpnForTrend_Wild",2008,"PercChange",200.0567,-25,-15,"Green","Rel_Idx"
"Case3","Chinook","CU3_Chinook","SpnForTrend_Wild",2009,"PercChange",193.9803,-25,-15,"Green","Rel_Idx"
"Case3","Chinook","CU3_Chinook","SpnForTrend_Wild",2010,"PercChange",326.4334,-25,-15,"Green","Rel_Idx"
"Case3","Chinook","CU3_Chinook","SpnForTrend_Wild",2011,"PercChange",261.6502,-25,-15,"Green","Rel_Idx"
"Case3","Chinook","CU3_Chinook","SpnForTrend_Wild",2012,"PercChange",72.4075,-25,-15,"Green","Rel_Idx"
"Case3","Chinook","CU3_Chinook","SpnForTrend_Wild",2013,"PercChange",62.6082,-25,-15,"Green","Rel_Idx"
"Case3","Chinook","CU3_Chinook","SpnForTrend_Wild",2014,"PercChange",11.5711,-25,-15,"Green","Rel_Idx"
"Case3","Chinook","CU3_Chinook","SpnForTrend_Wild",2015,"PercChange",25.3588,-25,-15,"Green","Rel_Idx"
"Case3","Chinook","CU3_Chinook","SpnForTrend_Wild",2016,"PercChange",3.9815,-25,-15,"Green","Rel_Idx"
"Case3","Chinook","CU3_Chinook","SpnForTrend_Wild",2017,"PercChange",-0.7504,-25,-15,"Green","Rel_Idx"
"Case3","Chinook","CU3_Chinook","SpnForTrend_Wild",2018,"PercChange",-18.4221,-25,-15,"Amber","Rel_Idx"
"Case3","Chinook","CU3_Chinook","SpnForTrend_Wild",2019,"PercChange",0.8239,-25,-15,"Green","Rel_Idx"
"Case3","Chinook","CU3_Chinook","SpnForTrend_Wild",2020,"PercChange",79.5223,-25,-15,"Green","Rel_Idx"
"Case3","Chinook","CU3_Chinook","SpnForTrend_Wild",2021,"PercChange",101.5194,-25,-15,"Green","Rel_Idx"
"Case3","Chinook","CU3_Chinook","SpnForTrend_Wild",2022,"PercChange",86.3776,-25,-15,"Green","Rel_Idx"
"Case3","Chinook","CU3_Chinook","SpnForTrend_Wild",2023,"PercChange",363.0709,-25,-15,"Green","Rel_Idx"
"Case3","Chinook","CU3_Chinook","SpnForTrend_Wild",1995,"ProbDeclBelowLBM",58.7667,NA,NA,NA,"Rel_Idx"
"Case3","Chinook","CU3_Chinook","SpnForTrend_Wild",1996,"ProbDeclBelowLBM",22.9,NA,NA,NA,"Rel_Idx"
"Case3","Chinook","CU3_Chinook","SpnForTrend_Wild",1997,"ProbDeclBelowLBM",8.7,NA,NA,NA,"Rel_Idx"
"Case3","Chinook","CU3_Chinook","SpnForTrend_Wild",1998,"ProbDeclBelowLBM",2,NA,NA,NA,"Rel_Idx"
"Case3","Chinook","CU3_Chinook","SpnForTrend_Wild",1999,"ProbDeclBelowLBM",1.6667,NA,NA,NA,"Rel_Idx"
"Case3","Chinook","CU3_Chinook","SpnForTrend_Wild",2000,"ProbDeclBelowLBM",0.8667,NA,NA,NA,"Rel_Idx"
"Case3","Chinook","CU3_Chinook","SpnForTrend_Wild",2001,"ProbDeclBelowLBM",0.0667,NA,NA,NA,"Rel_Idx"
"Case3","Chinook","CU3_Chinook","SpnForTrend_Wild",2002,"ProbDeclBelowLBM",0.2667,NA,NA,NA,"Rel_Idx"
"Case3","Chinook","CU3_Chinook","SpnForTrend_Wild",2003,"ProbDeclBelowLBM",0.1333,NA,NA,NA,"Rel_Idx"
"Case3","Chinook","CU3_Chinook","SpnForTrend_Wild",2004,"ProbDeclBelowLBM",0.2333,NA,NA,NA,"Rel_Idx"
"Case3","Chinook","CU3_Chinook","SpnForTrend_Wild",2005,"ProbDeclBelowLBM",0.1667,NA,NA,NA,"Rel_Idx"
"Case3","Chinook","CU3_Chinook","SpnForTrend_Wild",2006,"ProbDeclBelowLBM",0.2,NA,NA,NA,"Rel_Idx"
"Case3","Chinook","CU3_Chinook","SpnForTrend_Wild",2007,"ProbDeclBelowLBM",0.9,NA,NA,NA,"Rel_Idx"
"Case3","Chinook","CU3_Chinook","SpnForTrend_Wild",2008,"ProbDeclBelowLBM",0.3333,NA,NA,NA,"Rel_Idx"
"Case3","Chinook","CU3_Chinook","SpnForTrend_Wild",2009,"ProbDeclBelowLBM",0.5333,NA,NA,NA,"Rel_Idx"
"Case3","Chinook","CU3_Chinook","SpnForTrend_Wild",2010,"ProbDeclBelowLBM",0,NA,NA,NA,"Rel_Idx"
"Case3","Chinook","CU3_Chinook","SpnForTrend_Wild",2011,"ProbDeclBelowLBM",0.0333,NA,NA,NA,"Rel_Idx"
"Case3","Chinook","CU3_Chinook","SpnForTrend_Wild",2012,"ProbDeclBelowLBM",1.3667,NA,NA,NA,"Rel_Idx"
"Case3","Chinook","CU3_Chinook","SpnForTrend_Wild",2013,"ProbDeclBelowLBM",1.4667,NA,NA,NA,"Rel_Idx"
"Case3","Chinook","CU3_Chinook","SpnForTrend_Wild",2014,"ProbDeclBelowLBM",15.7333,NA,NA,NA,"Rel_Idx"
"Case3","Chinook","CU3_Chinook","SpnForTrend_Wild",2015,"ProbDeclBelowLBM",10.8667,NA,NA,NA,"Rel_Idx"
"Case3","Chinook","CU3_Chinook","SpnForTrend_Wild",2016,"ProbDeclBelowLBM",19.6,NA,NA,NA,"Rel_Idx"
"Case3","Chinook","CU3_Chinook","SpnForTrend_Wild",2017,"ProbDeclBelowLBM",22.3,NA,NA,NA,"Rel_Idx"
"Case3","Chinook","CU3_Chinook","SpnForTrend_Wild",2018,"ProbDeclBelowLBM",42.0667,NA,NA,NA,"Rel_Idx"
"Case3","Chinook","CU3_Chinook","SpnForTrend_Wild",2019,"ProbDeclBelowLBM",26.8333,NA,NA,NA,"Rel_Idx"
"Case3","Chinook","CU3_Chinook","SpnForTrend_Wild",2020,"ProbDeclBelowLBM",7.1667,NA,NA,NA,"Rel_Idx"
"Case3","Chinook","CU3_Chinook","SpnForTrend_Wild",2021,"ProbDeclBelowLBM",5.2,NA,NA,NA,"Rel_Idx"
"Case3","Chinook","CU3_Chinook","SpnForTrend_Wild",2022,"ProbDeclBelowLBM",7.5,NA,NA,NA,"Rel_Idx"
"Case3","Chinook","CU3_Chinook","SpnForTrend_Wild",2023,"ProbDeclBelowLBM",0.7,NA,NA,NA,"Rel_Idx"
"Case3","Chinook","CU3_Chinook","SpnForTrend_Wild",1995,"Percentile",0.6667,0.25,0.5,"Green","Rel_Idx"
"Case3","Chinook","CU3_Chinook","SpnForTrend_Wild",1996,"Percentile",0.6316,0.25,0.5,"Green","Rel_Idx"
"Case3","Chinook","CU3_Chinook","SpnForTrend_Wild",1997,"Percentile",0.75,0.25,0.5,"Green","Rel_Idx"
"Case3","Chinook","CU3_Chinook","SpnForTrend_Wild",1998,"Percentile",0.9048,0.25,0.5,"Green","Rel_Idx"
"Case3","Chinook","CU3_Chinook","SpnForTrend_Wild",1999,"Percentile",0.9091,0.25,0.5,"Green","Rel_Idx"
"Case3","Chinook","CU3_Chinook","SpnForTrend_Wild",2000,"Percentile",0.8696,0.25,0.5,"Green","Rel_Idx"
"Case3","Chinook","CU3_Chinook","SpnForTrend_Wild",2001,"Percentile",0.9583,0.25,0.5,"Green","Rel_Idx"
"Case3","Chinook","CU3_Chinook","SpnForTrend_Wild",2002,"Percentile",0.96,0.25,0.5,"Green","Rel_Idx"
"Case3","Chinook","CU3_Chinook","SpnForTrend_Wild",2003,"Percentile",0.9231,0.25,0.5,"Green","Rel_Idx"
"Case3","Chinook","CU3_Chinook","SpnForTrend_Wild",2004,"Percentile",0.8889,0.25,0.5,"Green","Rel_Idx"
"Case3","Chinook","CU3_Chinook","SpnForTrend_Wild",2005,"Percentile",0.9286,0.25,0.5,"Green","Rel_Idx"
"Case3","Chinook","CU3_Chinook","SpnForTrend_Wild",2006,"Percentile",0.931,0.25,0.5,"Green","Rel_Idx"
"Case3","Chinook","CU3_Chinook","SpnForTrend_Wild",2007,"Percentile",0.9333,0.25,0.5,"Green","Rel_Idx"
"Case3","Chinook","CU3_Chinook","SpnForTrend_Wild",2008,"Percentile",0.9355,0.25,0.5,"Green","Rel_Idx"
"Case3","Chinook","CU3_Chinook","SpnForTrend_Wild",2009,"Percentile",0.9375,0.25,0.5,"Green","Rel_Idx"
"Case3","Chinook","CU3_Chinook","SpnForTrend_Wild",2010,"Percentile",0.9394,0.25,0.5,"Green","Rel_Idx"
"Case3","Chinook","CU3_Chinook","SpnForTrend_Wild",2011,"Percentile",0.9412,0.25,0.5,"Green","Rel_Idx"
"Case3","Chinook","CU3_Chinook","SpnForTrend_Wild",2012,"Percentile",0.9143,0.25,0.5,"Green","Rel_Idx"
"Case3","Chinook","CU3_Chinook","SpnForTrend_Wild",2013,"Percentile",0.8889,0.25,0.5,"Green","Rel_Idx"
"Case3","Chinook","CU3_Chinook","SpnForTrend_Wild",2014,"Percentile",0.8919,0.25,0.5,"Green","Rel_Idx"
"Case3","Chinook","CU3_Chinook","SpnForTrend_Wild",2015,"Percentile",0.8684,0.25,0.5,"Green","Rel_Idx"
"Case3","Chinook","CU3_Chinook","SpnForTrend_Wild",2016,"Percentile",0.8718,0.25,0.5,"Green","Rel_Idx"
"Case3","Chinook","CU3_Chinook","SpnForTrend_Wild",2017,"Percentile",0.85,0.25,0.5,"Green","Rel_Idx"
"Case3","Chinook","CU3_Chinook","SpnForTrend_Wild",2018,"Percentile",0.8537,0.25,0.5,"Green","Rel_Idx"
"Case3","Chinook","CU3_Chinook","SpnForTrend_Wild",2019,"Percentile",0.8571,0.25,0.5,"Green","Rel_Idx"
"Case3","Chinook","CU3_Chinook","SpnForTrend_Wild",2020,"Percentile",0.8837,0.25,0.5,"Green","Rel_Idx"
"Case3","Chinook","CU3_Chinook","SpnForTrend_Wild",2021,"Percentile",0.9545,0.25,0.5,"Green","Rel_Idx"
"Case3","Chinook","CU3_Chinook","SpnForTrend_Wild",2022,"Percentile",0.9556,0.25,0.5,"Green","Rel_Idx"
"Case3","Chinook","CU3_Chinook","SpnForTrend_Wild",2023,"Percentile",0.9565,0.25,0.5,"Green","Rel_Idx"
"Case4","Sockeye","CU4_Sockeye","SpnForTrend_Wild",1995,"LongTrend",6.39,0.5,0.75,"Green","Rel_Idx"
"Case4","Sockeye","CU4_Sockeye","SpnForTrend_Wild",1996,"LongTrend",6.44,0.5,0.75,"Green","Rel_Idx"
"Case4","Sockeye","CU4_Sockeye","SpnForTrend_Wild",1997,"LongTrend",6.82,0.5,0.75,"Green","Rel_Idx"
"Case4","Sockeye","CU4_Sockeye","SpnForTrend_Wild",1998,"LongTrend",6.93,0.5,0.75,"Green","Rel_Idx"
"Case4","Sockeye","CU4_Sockeye","SpnForTrend_Wild",1999,"LongTrend",7.04,0.5,0.75,"Green","Rel_Idx"
"Case4","Sockeye","CU4_Sockeye","SpnForTrend_Wild",2000,"LongTrend",7.75,0.5,0.75,"Green","Rel_Idx"
"Case4","Sockeye","CU4_Sockeye","SpnForTrend_Wild",2001,"LongTrend",9.59,0.5,0.75,"Green","Rel_Idx"
"Case4","Sockeye","CU4_Sockeye","SpnForTrend_Wild",2002,"LongTrend",11.67,0.5,0.75,"Green","Rel_Idx"
"Case4","Sockeye","CU4_Sockeye","SpnForTrend_Wild",2003,"LongTrend",17.75,0.5,0.75,"Green","Rel_Idx"
"Case4","Sockeye","CU4_Sockeye","SpnForTrend_Wild",2004,"LongTrend",25.05,0.5,0.75,"Green","Rel_Idx"
"Case4","Sockeye","CU4_Sockeye","SpnForTrend_Wild",2005,"LongTrend",30.34,0.5,0.75,"Green","Rel_Idx"
"Case4","Sockeye","CU4_Sockeye","SpnForTrend_Wild",2006,"LongTrend",35.38,0.5,0.75,"Green","Rel_Idx"
"Case4","Sockeye","CU4_Sockeye","SpnForTrend_Wild",2007,"LongTrend",27.93,0.5,0.75,"Green","Rel_Idx"
"Case4","Sockeye","CU4_Sockeye","SpnForTrend_Wild",2008,"LongTrend",21.78,0.5,0.75,"Green","Rel_Idx"
"Case4","Sockeye","CU4_Sockeye","SpnForTrend_Wild",2009,"LongTrend",17.01,0.5,0.75,"Green","Rel_Idx"
"Case4","Sockeye","CU4_Sockeye","SpnForTrend_Wild",2010,"LongTrend",12.13,0.5,0.75,"Green","Rel_Idx"
"Case4","Sockeye","CU4_Sockeye","SpnForTrend_Wild",2011,"LongTrend",10.49,0.5,0.75,"Green","Rel_Idx"
"Case4","Sockeye","CU4_Sockeye","SpnForTrend_Wild",2012,"LongTrend",9.2,0.5,0.75,"Green","Rel_Idx"
"Case4","Sockeye","CU4_Sockeye","SpnForTrend_Wild",2013,"LongTrend",9.11,0.5,0.75,"Green","Rel_Idx"
"Case4","Sockeye","CU4_Sockeye","SpnForTrend_Wild",2014,"LongTrend",9.68,0.5,0.75,"Green","Rel_Idx"
"Case4","Sockeye","CU4_Sockeye","SpnForTrend_Wild",2015,"LongTrend",8.62,0.5,0.75,"Green","Rel_Idx"
"Case4","Sockeye","CU4_Sockeye","SpnForTrend_Wild",2016,"LongTrend",8.5,0.5,0.75,"Green","Rel_Idx"
"Case4","Sockeye","CU4_Sockeye","SpnForTrend_Wild",2017,"LongTrend",7.9,0.5,0.75,"Green","Rel_Idx"
"Case4","Sockeye","CU4_Sockeye","SpnForTrend_Wild",2018,"LongTrend",6.64,0.5,0.75,"Green","Rel_Idx"
"Case4","Sockeye","CU4_Sockeye","SpnForTrend_Wild",2019,"LongTrend",4.98,0.5,0.75,"Green","Rel_Idx"
"Case4","Sockeye","CU4_Sockeye","SpnForTrend_Wild",2020,"LongTrend",2.61,0.5,0.75,"Green","Rel_Idx"
"Case4","Sockeye","CU4_Sockeye","SpnForTrend_Wild",2021,"LongTrend",1.3,0.5,0.75,"Green","Rel_Idx"
"Case4","Sockeye","CU4_Sockeye","SpnForTrend_Wild",2022,"LongTrend",0.77,0.5,0.75,"Green","Rel_Idx"
"Case4","Sockeye","CU4_Sockeye","SpnForTrend_Wild",2023,"LongTrend",0.7,0.5,0.75,"Amber","Rel_Idx"
"Case4","Sockeye","CU4_Sockeye","SpnForTrend_Wild",1995,"PercChange",850.2875,-25,-15,"Green","Rel_Idx"
"Case4","Sockeye","CU4_Sockeye","SpnForTrend_Wild",1996,"PercChange",792.932,-25,-15,"Green","Rel_Idx"
"Case4","Sockeye","CU4_Sockeye","SpnForTrend_Wild",1997,"PercChange",628.1106,-25,-15,"Green","Rel_Idx"
"Case4","Sockeye","CU4_Sockeye","SpnForTrend_Wild",1998,"PercChange",580.4372,-25,-15,"Green","Rel_Idx"
"Case4","Sockeye","CU4_Sockeye","SpnForTrend_Wild",1999,"PercChange",543.5895,-25,-15,"Green","Rel_Idx"
"Case4","Sockeye","CU4_Sockeye","SpnForTrend_Wild",2000,"PercChange",563.2877,-25,-15,"Green","Rel_Idx"
"Case4","Sockeye","CU4_Sockeye","SpnForTrend_Wild",2001,"PercChange",591.396,-25,-15,"Green","Rel_Idx"
"Case4","Sockeye","CU4_Sockeye","SpnForTrend_Wild",2002,"PercChange",542.7575,-25,-15,"Green","Rel_Idx"
"Case4","Sockeye","CU4_Sockeye","SpnForTrend_Wild",2003,"PercChange",653.8512,-25,-15,"Green","Rel_Idx"
"Case4","Sockeye","CU4_Sockeye","SpnForTrend_Wild",2004,"PercChange",925.5455,-25,-15,"Green","Rel_Idx"
"Case4","Sockeye","CU4_Sockeye","SpnForTrend_Wild",2005,"PercChange",1442.7794,-25,-15,"Green","Rel_Idx"
"Case4","Sockeye","CU4_Sockeye","SpnForTrend_Wild",2006,"PercChange",1590.0995,-25,-15,"Green","Rel_Idx"
"Case4","Sockeye","CU4_Sockeye","SpnForTrend_Wild",2007,"PercChange",1252.9566,-25,-15,"Green","Rel_Idx"
"Case4","Sockeye","CU4_Sockeye","SpnForTrend_Wild",2008,"PercChange",600.2693,-25,-15,"Green","Rel_Idx"
"Case4","Sockeye","CU4_Sockeye","SpnForTrend_Wild",2009,"PercChange",243.8715,-25,-15,"Green","Rel_Idx"
"Case4","Sockeye","CU4_Sockeye","SpnForTrend_Wild",2010,"PercChange",89.0097,-25,-15,"Green","Rel_Idx"
"Case4","Sockeye","CU4_Sockeye","SpnForTrend_Wild",2011,"PercChange",-2.2313,-25,-15,"Green","Rel_Idx"
"Case4","Sockeye","CU4_Sockeye","SpnForTrend_Wild",2012,"PercChange",-47.8232,-25,-15,"Red","Rel_Idx"
"Case4","Sockeye","CU4_Sockeye","SpnForTrend_Wild",2013,"PercChange",-64.928,-25,-15,"Red","Rel_Idx"
"Case4","Sockeye","CU4_Sockeye","SpnForTrend_Wild",2014,"PercChange",-74.0262,-25,-15,"Red","Rel_Idx"
"Case4","Sockeye","CU4_Sockeye","SpnForTrend_Wild",2015,"PercChange",-71.9934,-25,-15,"Red","Rel_Idx"
"Case4","Sockeye","CU4_Sockeye","SpnForTrend_Wild",2016,"PercChange",-61.4788,-25,-15,"Red","Rel_Idx"
"Case4","Sockeye","CU4_Sockeye","SpnForTrend_Wild",2017,"PercChange",-48.1867,-25,-15,"Red","Rel_Idx"
"Case4","Sockeye","CU4_Sockeye","SpnForTrend_Wild",2018,"PercChange",-40.1335,-25,-15,"Red","Rel_Idx"
"Case4","Sockeye","CU4_Sockeye","SpnForTrend_Wild",2019,"PercChange",-60.1081,-25,-15,"Red","Rel_Idx"
"Case4","Sockeye","CU4_Sockeye","SpnForTrend_Wild",2020,"PercChange",-82.3072,-25,-15,"Red","Rel_Idx"
"Case4","Sockeye","CU4_Sockeye","SpnForTrend_Wild",2021,"PercChange",-91.7167,-25,-15,"Red","Rel_Idx"
"Case4","Sockeye","CU4_Sockeye","SpnForTrend_Wild",2022,"PercChange",-95.2054,-25,-15,"Red","Rel_Idx"
"Case4","Sockeye","CU4_Sockeye","SpnForTrend_Wild",2023,"PercChange",-95.5982,-25,-15,"Red","Rel_Idx"
"Case4","Sockeye","CU4_Sockeye","SpnForTrend_Wild",1995,"ProbDeclBelowLBM",0,NA,NA,NA,"Rel_Idx"
"Case4","Sockeye","CU4_Sockeye","SpnForTrend_Wild",1996,"ProbDeclBelowLBM",0,NA,NA,NA,"Rel_Idx"
"Case4","Sockeye","CU4_Sockeye","SpnForTrend_Wild",1997,"ProbDeclBelowLBM",0,NA,NA,NA,"Rel_Idx"
"Case4","Sockeye","CU4_Sockeye","SpnForTrend_Wild",1998,"ProbDeclBelowLBM",0,NA,NA,NA,"Rel_Idx"
"Case4","Sockeye","CU4_Sockeye","SpnForTrend_Wild",1999,"ProbDeclBelowLBM",0.0333,NA,NA,NA,"Rel_Idx"
"Case4","Sockeye","CU4_Sockeye","SpnForTrend_Wild",2000,"ProbDeclBelowLBM",0,NA,NA,NA,"Rel_Idx"
"Case4","Sockeye","CU4_Sockeye","SpnForTrend_Wild",2001,"ProbDeclBelowLBM",0,NA,NA,NA,"Rel_Idx"
"Case4","Sockeye","CU4_Sockeye","SpnForTrend_Wild",2002,"ProbDeclBelowLBM",0.0333,NA,NA,NA,"Rel_Idx"
"Case4","Sockeye","CU4_Sockeye","SpnForTrend_Wild",2003,"ProbDeclBelowLBM",0,NA,NA,NA,"Rel_Idx"
"Case4","Sockeye","CU4_Sockeye","SpnForTrend_Wild",2004,"ProbDeclBelowLBM",0,NA,NA,NA,"Rel_Idx"
"Case4","Sockeye","CU4_Sockeye","SpnForTrend_Wild",2005,"ProbDeclBelowLBM",0,NA,NA,NA,"Rel_Idx"
"Case4","Sockeye","CU4_Sockeye","SpnForTrend_Wild",2006,"ProbDeclBelowLBM",0,NA,NA,NA,"Rel_Idx"
"Case4","Sockeye","CU4_Sockeye","SpnForTrend_Wild",2007,"ProbDeclBelowLBM",0,NA,NA,NA,"Rel_Idx"
"Case4","Sockeye","CU4_Sockeye","SpnForTrend_Wild",2008,"ProbDeclBelowLBM",0,NA,NA,NA,"Rel_Idx"
"Case4","Sockeye","CU4_Sockeye","SpnForTrend_Wild",2009,"ProbDeclBelowLBM",0.9667,NA,NA,NA,"Rel_Idx"
"Case4","Sockeye","CU4_Sockeye","SpnForTrend_Wild",2010,"ProbDeclBelowLBM",6.8333,NA,NA,NA,"Rel_Idx"
"Case4","Sockeye","CU4_Sockeye","SpnForTrend_Wild",2011,"ProbDeclBelowLBM",31.1333,NA,NA,NA,"Rel_Idx"
"Case4","Sockeye","CU4_Sockeye","SpnForTrend_Wild",2012,"ProbDeclBelowLBM",78.8667,NA,NA,NA,"Rel_Idx"
"Case4","Sockeye","CU4_Sockeye","SpnForTrend_Wild",2013,"ProbDeclBelowLBM",98.4,NA,NA,NA,"Rel_Idx"
"Case4","Sockeye","CU4_Sockeye","SpnForTrend_Wild",2014,"ProbDeclBelowLBM",99.9667,NA,NA,NA,"Rel_Idx"
"Case4","Sockeye","CU4_Sockeye","SpnForTrend_Wild",2015,"ProbDeclBelowLBM",99.9333,NA,NA,NA,"Rel_Idx"
"Case4","Sockeye","CU4_Sockeye","SpnForTrend_Wild",2016,"ProbDeclBelowLBM",99.2667,NA,NA,NA,"Rel_Idx"
"Case4","Sockeye","CU4_Sockeye","SpnForTrend_Wild",2017,"ProbDeclBelowLBM",93.0667,NA,NA,NA,"Rel_Idx"
"Case4","Sockeye","CU4_Sockeye","SpnForTrend_Wild",2018,"ProbDeclBelowLBM",86.6333,NA,NA,NA,"Rel_Idx"
"Case4","Sockeye","CU4_Sockeye","SpnForTrend_Wild",2019,"ProbDeclBelowLBM",93.1667,NA,NA,NA,"Rel_Idx"
"Case4","Sockeye","CU4_Sockeye","SpnForTrend_Wild",2020,"ProbDeclBelowLBM",98.5,NA,NA,NA,"Rel_Idx"
"Case4","Sockeye","CU4_Sockeye","SpnForTrend_Wild",2021,"ProbDeclBelowLBM",99.6667,NA,NA,NA,"Rel_Idx"
"Case4","Sockeye","CU4_Sockeye","SpnForTrend_Wild",2022,"ProbDeclBelowLBM",100,NA,NA,NA,"Rel_Idx"
"Case4","Sockeye","CU4_Sockeye","SpnForTrend_Wild",2023,"ProbDeclBelowLBM",99.9667,NA,NA,NA,"Rel_Idx"
"Case4","Sockeye","CU4_Sockeye","SpnForTrend_Wild",1995,"Percentile",0.9535,0.25,0.5,"Green","Rel_Idx"
"Case4","Sockeye","CU4_Sockeye","SpnForTrend_Wild",1996,"Percentile",0.9545,0.25,0.5,"Green","Rel_Idx"
"Case4","Sockeye","CU4_Sockeye","SpnForTrend_Wild",1997,"Percentile",0.9333,0.25,0.5,"Green","Rel_Idx"
"Case4","Sockeye","CU4_Sockeye","SpnForTrend_Wild",1998,"Percentile",0.9565,0.25,0.5,"Green","Rel_Idx"
"Case4","Sockeye","CU4_Sockeye","SpnForTrend_Wild",1999,"Percentile",0.9362,0.25,0.5,"Green","Rel_Idx"
"Case4","Sockeye","CU4_Sockeye","SpnForTrend_Wild",2000,"Percentile",0.9375,0.25,0.5,"Green","Rel_Idx"
"Case4","Sockeye","CU4_Sockeye","SpnForTrend_Wild",2001,"Percentile",0.9796,0.25,0.5,"Green","Rel_Idx"
"Case4","Sockeye","CU4_Sockeye","SpnForTrend_Wild",2002,"Percentile",0.96,0.25,0.5,"Green","Rel_Idx"
"Case4","Sockeye","CU4_Sockeye","SpnForTrend_Wild",2003,"Percentile",0.9608,0.25,0.5,"Green","Rel_Idx"
"Case4","Sockeye","CU4_Sockeye","SpnForTrend_Wild",2004,"Percentile",0.9615,0.25,0.5,"Green","Rel_Idx"
"Case4","Sockeye","CU4_Sockeye","SpnForTrend_Wild",2005,"Percentile",0.9434,0.25,0.5,"Green","Rel_Idx"
"Case4","Sockeye","CU4_Sockeye","SpnForTrend_Wild",2006,"Percentile",0.9815,0.25,0.5,"Green","Rel_Idx"
"Case4","Sockeye","CU4_Sockeye","SpnForTrend_Wild",2007,"Percentile",0.9636,0.25,0.5,"Green","Rel_Idx"
"Case4","Sockeye","CU4_Sockeye","SpnForTrend_Wild",2008,"Percentile",0.9107,0.25,0.5,"Green","Rel_Idx"
"Case4","Sockeye","CU4_Sockeye","SpnForTrend_Wild",2009,"Percentile",0.9123,0.25,0.5,"Green","Rel_Idx"
"Case4","Sockeye","CU4_Sockeye","SpnForTrend_Wild",2010,"Percentile",0.8966,0.25,0.5,"Green","Rel_Idx"
"Case4","Sockeye","CU4_Sockeye","SpnForTrend_Wild",2011,"Percentile",0.8644,0.25,0.5,"Green","Rel_Idx"
"Case4","Sockeye","CU4_Sockeye","SpnForTrend_Wild",2012,"Percentile",0.85,0.25,0.5,"Green","Rel_Idx"
"Case4","Sockeye","CU4_Sockeye","SpnForTrend_Wild",2013,"Percentile",0.8361,0.25,0.5,"Green","Rel_Idx"
"Case4","Sockeye","CU4_Sockeye","SpnForTrend_Wild",2014,"Percentile",0.8226,0.25,0.5,"Green","Rel_Idx"
"Case4","Sockeye","CU4_Sockeye","SpnForTrend_Wild",2015,"Percentile",0.8254,0.25,0.5,"Green","Rel_Idx"
"Case4","Sockeye","CU4_Sockeye","SpnForTrend_Wild",2016,"Percentile",0.8125,0.25,0.5,"Green","Rel_Idx"
"Case4","Sockeye","CU4_Sockeye","SpnForTrend_Wild",2017,"Percentile",0.8,0.25,0.5,"Green","Rel_Idx"
"Case4","Sockeye","CU4_Sockeye","SpnForTrend_Wild",2018,"Percentile",0.7727,0.25,0.5,"Green","Rel_Idx"
"Case4","Sockeye","CU4_Sockeye","SpnForTrend_Wild",2019,"Percentile",0.7313,0.25,0.5,"Green","Rel_Idx"
"Case4","Sockeye","CU4_Sockeye","SpnForTrend_Wild",2020,"Percentile",0.6765,0.25,0.5,"Green","Rel_Idx"
"Case4","Sockeye","CU4_Sockeye","SpnForTrend_Wild",2021,"Percentile",0.5942,0.25,0.5,"Green","Rel_Idx"
"Case4","Sockeye","CU4_Sockeye","SpnForTrend_Wild",2022,"Percentile",0.5714,0.25,0.5,"Green","Rel_Idx"
"Case4","Sockeye","CU4_Sockeye","SpnForTrend_Wild",2023,"Percentile",0.5211,0.25,0.5,"Green","Rel_Idx"
"Case5","Chinook","CU5_Chinook","SpnForTrend_Wild",1995,"LongTrend",NA,0.5,0.75,NA,"Abs_Abd"
"Case5","Chinook","CU5_Chinook","SpnForTrend_Wild",1996,"LongTrend",NA,0.5,0.75,NA,"Abs_Abd"
"Case5","Chinook","CU5_Chinook","SpnForTrend_Wild",1997,"LongTrend",NA,0.5,0.75,NA,"Abs_Abd"
"Case5","Chinook","CU5_Chinook","SpnForTrend_Wild",1998,"LongTrend",NA,0.5,0.75,NA,"Abs_Abd"
"Case5","Chinook","CU5_Chinook","SpnForTrend_Wild",1999,"LongTrend",NA,0.5,0.75,NA,"Abs_Abd"
"Case5","Chinook","CU5_Chinook","SpnForTrend_Wild",2000,"LongTrend",NA,0.5,0.75,NA,"Abs_Abd"
"Case5","Chinook","CU5_Chinook","SpnForTrend_Wild",2001,"LongTrend",NA,0.5,0.75,NA,"Abs_Abd"
"Case5","Chinook","CU5_Chinook","SpnForTrend_Wild",2002,"LongTrend",NA,0.5,0.75,NA,"Abs_Abd"
"Case5","Chinook","CU5_Chinook","SpnForTrend_Wild",2003,"LongTrend",NA,0.5,0.75,NA,"Abs_Abd"
"Case5","Chinook","CU5_Chinook","SpnForTrend_Wild",2004,"LongTrend",NA,0.5,0.75,NA,"Abs_Abd"
"Case5","Chinook","CU5_Chinook","SpnForTrend_Wild",2005,"LongTrend",NA,0.5,0.75,NA,"Abs_Abd"
"Case5","Chinook","CU5_Chinook","SpnForTrend_Wild",2006,"LongTrend",NA,0.5,0.75,NA,"Abs_Abd"
"Case5","Chinook","CU5_Chinook","SpnForTrend_Wild",2007,"LongTrend",NA,0.5,0.75,NA,"Abs_Abd"
"Case5","Chinook","CU5_Chinook","SpnForTrend_Wild",2008,"LongTrend",NA,0.5,0.75,NA,"Abs_Abd"
"Case5","Chinook","CU5_Chinook","SpnForTrend_Wild",2009,"LongTrend",NA,0.5,0.75,NA,"Abs_Abd"
"Case5","Chinook","CU5_Chinook","SpnForTrend_Wild",2010,"LongTrend",NA,0.5,0.75,NA,"Abs_Abd"
"Case5","Chinook","CU5_Chinook","SpnForTrend_Wild",2011,"LongTrend",NA,0.5,0.75,NA,"Abs_Abd"
"Case5","Chinook","CU5_Chinook","SpnForTrend_Wild",2012,"LongTrend",NA,0.5,0.75,NA,"Abs_Abd"
"Case5","Chinook","CU5_Chinook","SpnForTrend_Wild",2013,"LongTrend",NA,0.5,0.75,NA,"Abs_Abd"
"Case5","Chinook","CU5_Chinook","SpnForTrend_Wild",2014,"LongTrend",NA,0.5,0.75,NA,"Abs_Abd"
"Case5","Chinook","CU5_Chinook","SpnForTrend_Wild",2015,"LongTrend",NA,0.5,0.75,NA,"Abs_Abd"
"Case5","Chinook","CU5_Chinook","SpnForTrend_Wild",2016,"LongTrend",NA,0.5,0.75,NA,"Abs_Abd"
"Case5","Chinook","CU5_Chinook","SpnForTrend_Wild",2017,"LongTrend",NA,0.5,0.75,NA,"Abs_Abd"
"Case5","Chinook","CU5_Chinook","SpnForTrend_Wild",2018,"LongTrend",NA,0.5,0.75,NA,"Abs_Abd"
"Case5","Chinook","CU5_Chinook","SpnForTrend_Wild",2019,"LongTrend",NA,0.5,0.75,NA,"Abs_Abd"
"Case5","Chinook","CU5_Chinook","SpnForTrend_Wild",2020,"LongTrend",1.37,0.5,0.75,"Green","Abs_Abd"
"Case5","Chinook","CU5_Chinook","SpnForTrend_Wild",2021,"LongTrend",1.37,0.5,0.75,"Green","Abs_Abd"
"Case5","Chinook","CU5_Chinook","SpnForTrend_Wild",2022,"LongTrend",1.73,0.5,0.75,"Green","Abs_Abd"
"Case5","Chinook","CU5_Chinook","SpnForTrend_Wild",2023,"LongTrend",1.7,0.5,0.75,"Green","Abs_Abd"
"Case5","Chinook","CU5_Chinook","SpnForTrend_Wild",1995,"PercChange",NA,-25,-15,NA,"Abs_Abd"
"Case5","Chinook","CU5_Chinook","SpnForTrend_Wild",1996,"PercChange",NA,-25,-15,NA,"Abs_Abd"
"Case5","Chinook","CU5_Chinook","SpnForTrend_Wild",1997,"PercChange",NA,-25,-15,NA,"Abs_Abd"
"Case5","Chinook","CU5_Chinook","SpnForTrend_Wild",1998,"PercChange",NA,-25,-15,NA,"Abs_Abd"
"Case5","Chinook","CU5_Chinook","SpnForTrend_Wild",1999,"PercChange",NA,-25,-15,NA,"Abs_Abd"
"Case5","Chinook","CU5_Chinook","SpnForTrend_Wild",2000,"PercChange",NA,-25,-15,NA,"Abs_Abd"
"Case5","Chinook","CU5_Chinook","SpnForTrend_Wild",2001,"PercChange",NA,-25,-15,NA,"Abs_Abd"
"Case5","Chinook","CU5_Chinook","SpnForTrend_Wild",2002,"PercChange",NA,-25,-15,NA,"Abs_Abd"
"Case5","Chinook","CU5_Chinook","SpnForTrend_Wild",2003,"PercChange",NA,-25,-15,NA,"Abs_Abd"
"Case5","Chinook","CU5_Chinook","SpnForTrend_Wild",2004,"PercChange",NA,-25,-15,NA,"Abs_Abd"
"Case5","Chinook","CU5_Chinook","SpnForTrend_Wild",2005,"PercChange",NA,-25,-15,NA,"Abs_Abd"
"Case5","Chinook","CU5_Chinook","SpnForTrend_Wild",2006,"PercChange",NA,-25,-15,NA,"Abs_Abd"
"Case5","Chinook","CU5_Chinook","SpnForTrend_Wild",2007,"PercChange",NA,-25,-15,NA,"Abs_Abd"
"Case5","Chinook","CU5_Chinook","SpnForTrend_Wild",2008,"PercChange",NA,-25,-15,NA,"Abs_Abd"
"Case5","Chinook","CU5_Chinook","SpnForTrend_Wild",2009,"PercChange",NA,-25,-15,NA,"Abs_Abd"
"Case5","Chinook","CU5_Chinook","SpnForTrend_Wild",2010,"PercChange",NA,-25,-15,NA,"Abs_Abd"
"Case5","Chinook","CU5_Chinook","SpnForTrend_Wild",2011,"PercChange",NA,-25,-15,NA,"Abs_Abd"
"Case5","Chinook","CU5_Chinook","SpnForTrend_Wild",2012,"PercChange",NA,-25,-15,NA,"Abs_Abd"
"Case5","Chinook","CU5_Chinook","SpnForTrend_Wild",2013,"PercChange",NA,-25,-15,NA,"Abs_Abd"
"Case5","Chinook","CU5_Chinook","SpnForTrend_Wild",2014,"PercChange",NA,-25,-15,NA,"Abs_Abd"
"Case5","Chinook","CU5_Chinook","SpnForTrend_Wild",2015,"PercChange",NA,-25,-15,NA,"Abs_Abd"
"Case5","Chinook","CU5_Chinook","SpnForTrend_Wild",2016,"PercChange",NA,-25,-15,NA,"Abs_Abd"
"Case5","Chinook","CU5_Chinook","SpnForTrend_Wild",2017,"PercChange",462.6055,-25,-15,"Green","Abs_Abd"
"Case5","Chinook","CU5_Chinook","SpnForTrend_Wild",2018,"PercChange",439.1657,-25,-15,"Green","Abs_Abd"
"Case5","Chinook","CU5_Chinook","SpnForTrend_Wild",2019,"PercChange",242.8032,-25,-15,"Green","Abs_Abd"
"Case5","Chinook","CU5_Chinook","SpnForTrend_Wild",2020,"PercChange",362.0535,-25,-15,"Green","Abs_Abd"
"Case5","Chinook","CU5_Chinook","SpnForTrend_Wild",2021,"PercChange",328.3238,-25,-15,"Green","Abs_Abd"
"Case5","Chinook","CU5_Chinook","SpnForTrend_Wild",2022,"PercChange",83.6054,-25,-15,"Green","Abs_Abd"
"Case5","Chinook","CU5_Chinook","SpnForTrend_Wild",2023,"PercChange",-5.437,-25,-15,"Green","Abs_Abd"
"Case5","Chinook","CU5_Chinook","SpnForTrend_Wild",1995,"ProbDeclBelowLBM",NA,NA,NA,NA,"Abs_Abd"
"Case5","Chinook","CU5_Chinook","SpnForTrend_Wild",1996,"ProbDeclBelowLBM",NA,NA,NA,NA,"Abs_Abd"
"Case5","Chinook","CU5_Chinook","SpnForTrend_Wild",1997,"ProbDeclBelowLBM",NA,NA,NA,NA,"Abs_Abd"
"Case5","Chinook","CU5_Chinook","SpnForTrend_Wild",1998,"ProbDeclBelowLBM",NA,NA,NA,NA,"Abs_Abd"
"Case5","Chinook","CU5_Chinook","SpnForTrend_Wild",1999,"ProbDeclBelowLBM",NA,NA,NA,NA,"Abs_Abd"
"Case5","Chinook","CU5_Chinook","SpnForTrend_Wild",2000,"ProbDeclBelowLBM",NA,NA,NA,NA,"Abs_Abd"
"Case5","Chinook","CU5_Chinook","SpnForTrend_Wild",2001,"ProbDeclBelowLBM",NA,NA,NA,NA,"Abs_Abd"
"Case5","Chinook","CU5_Chinook","SpnForTrend_Wild",2002,"ProbDeclBelowLBM",NA,NA,NA,NA,"Abs_Abd"
"Case5","Chinook","CU5_Chinook","SpnForTrend_Wild",2003,"ProbDeclBelowLBM",NA,NA,NA,NA,"Abs_Abd"
"Case5","Chinook","CU5_Chinook","SpnForTrend_Wild",2004,"ProbDeclBelowLBM",NA,NA,NA,NA,"Abs_Abd"
"Case5","Chinook","CU5_Chinook","SpnForTrend_Wild",2005,"ProbDeclBelowLBM",NA,NA,NA,NA,"Abs_Abd"
"Case5","Chinook","CU5_Chinook","SpnForTrend_Wild",2006,"ProbDeclBelowLBM",NA,NA,NA,NA,"Abs_Abd"
"Case5","Chinook","CU5_Chinook","SpnForTrend_Wild",2007,"ProbDeclBelowLBM",NA,NA,NA,NA,"Abs_Abd"
"Case5","Chinook","CU5_Chinook","SpnForTrend_Wild",2008,"ProbDeclBelowLBM",NA,NA,NA,NA,"Abs_Abd"
"Case5","Chinook","CU5_Chinook","SpnForTrend_Wild",2009,"ProbDeclBelowLBM",NA,NA,NA,NA,"Abs_Abd"
"Case5","Chinook","CU5_Chinook","SpnForTrend_Wild",2010,"ProbDeclBelowLBM",NA,NA,NA,NA,"Abs_Abd"
"Case5","Chinook","CU5_Chinook","SpnForTrend_Wild",2011,"ProbDeclBelowLBM",NA,NA,NA,NA,"Abs_Abd"
"Case5","Chinook","CU5_Chinook","SpnForTrend_Wild",2012,"ProbDeclBelowLBM",NA,NA,NA,NA,"Abs_Abd"
"Case5","Chinook","CU5_Chinook","SpnForTrend_Wild",2013,"ProbDeclBelowLBM",NA,NA,NA,NA,"Abs_Abd"
"Case5","Chinook","CU5_Chinook","SpnForTrend_Wild",2014,"ProbDeclBelowLBM",NA,NA,NA,NA,"Abs_Abd"
"Case5","Chinook","CU5_Chinook","SpnForTrend_Wild",2015,"ProbDeclBelowLBM",NA,NA,NA,NA,"Abs_Abd"
"Case5","Chinook","CU5_Chinook","SpnForTrend_Wild",2016,"ProbDeclBelowLBM",NA,NA,NA,NA,"Abs_Abd"
"Case5","Chinook","CU5_Chinook","SpnForTrend_Wild",2017,"ProbDeclBelowLBM",0.6667,NA,NA,NA,"Abs_Abd"
"Case5","Chinook","CU5_Chinook","SpnForTrend_Wild",2018,"ProbDeclBelowLBM",0.7667,NA,NA,NA,"Abs_Abd"
"Case5","Chinook","CU5_Chinook","SpnForTrend_Wild",2019,"ProbDeclBelowLBM",2.6667,NA,NA,NA,"Abs_Abd"
"Case5","Chinook","CU5_Chinook","SpnForTrend_Wild",2020,"ProbDeclBelowLBM",1.3,NA,NA,NA,"Abs_Abd"
"Case5","Chinook","CU5_Chinook","SpnForTrend_Wild",2021,"ProbDeclBelowLBM",1.9667,NA,NA,NA,"Abs_Abd"
"Case5","Chinook","CU5_Chinook","SpnForTrend_Wild",2022,"ProbDeclBelowLBM",11.3667,NA,NA,NA,"Abs_Abd"
"Case5","Chinook","CU5_Chinook","SpnForTrend_Wild",2023,"ProbDeclBelowLBM",38.0667,NA,NA,NA,"Abs_Abd"
"Case5","Chinook","CU5_Chinook","SpnForTrend_Wild",1995,"Percentile",NA,0.25,0.5,NA,"Abs_Abd"
"Case5","Chinook","CU5_Chinook","SpnForTrend_Wild",1996,"Percentile",NA,0.25,0.5,NA,"Abs_Abd"
"Case5","Chinook","CU5_Chinook","SpnForTrend_Wild",1997,"Percentile",NA,0.25,0.5,NA,"Abs_Abd"
"Case5","Chinook","CU5_Chinook","SpnForTrend_Wild",1998,"Percentile",NA,0.25,0.5,NA,"Abs_Abd"
"Case5","Chinook","CU5_Chinook","SpnForTrend_Wild",1999,"Percentile",NA,0.25,0.5,NA,"Abs_Abd"
"Case5","Chinook","CU5_Chinook","SpnForTrend_Wild",2000,"Percentile",NA,0.25,0.5,NA,"Abs_Abd"
"Case5","Chinook","CU5_Chinook","SpnForTrend_Wild",2001,"Percentile",NA,0.25,0.5,NA,"Abs_Abd"
"Case5","Chinook","CU5_Chinook","SpnForTrend_Wild",2002,"Percentile",NA,0.25,0.5,NA,"Abs_Abd"
"Case5","Chinook","CU5_Chinook","SpnForTrend_Wild",2003,"Percentile",NA,0.25,0.5,NA,"Abs_Abd"
"Case5","Chinook","CU5_Chinook","SpnForTrend_Wild",2004,"Percentile",NA,0.25,0.5,NA,"Abs_Abd"
"Case5","Chinook","CU5_Chinook","SpnForTrend_Wild",2005,"Percentile",NA,0.25,0.5,NA,"Abs_Abd"
"Case5","Chinook","CU5_Chinook","SpnForTrend_Wild",2006,"Percentile",NA,0.25,0.5,NA,"Abs_Abd"
"Case5","Chinook","CU5_Chinook","SpnForTrend_Wild",2007,"Percentile",NA,0.25,0.5,NA,"Abs_Abd"
"Case5","Chinook","CU5_Chinook","SpnForTrend_Wild",2008,"Percentile",NA,0.25,0.5,NA,"Abs_Abd"
"Case5","Chinook","CU5_Chinook","SpnForTrend_Wild",2009,"Percentile",NA,0.25,0.5,NA,"Abs_Abd"
"Case5","Chinook","CU5_Chinook","SpnForTrend_Wild",2010,"Percentile",NA,0.25,0.5,NA,"Abs_Abd"
"Case5","Chinook","CU5_Chinook","SpnForTrend_Wild",2011,"Percentile",NA,0.25,0.5,NA,"Abs_Abd"
"Case5","Chinook","CU5_Chinook","SpnForTrend_Wild",2012,"Percentile",NA,0.25,0.5,NA,"Abs_Abd"
"Case5","Chinook","CU5_Chinook","SpnForTrend_Wild",2013,"Percentile",NA,0.25,0.5,NA,"Abs_Abd"
"Case5","Chinook","CU5_Chinook","SpnForTrend_Wild",2014,"Percentile",NA,0.25,0.5,NA,"Abs_Abd"
"Case5","Chinook","CU5_Chinook","SpnForTrend_Wild",2015,"Percentile",NA,0.25,0.5,NA,"Abs_Abd"
"Case5","Chinook","CU5_Chinook","SpnForTrend_Wild",2016,"Percentile",NA,0.25,0.5,NA,"Abs_Abd"
"Case5","Chinook","CU5_Chinook","SpnForTrend_Wild",2017,"Percentile",NA,0.25,0.5,NA,"Abs_Abd"
"Case5","Chinook","CU5_Chinook","SpnForTrend_Wild",2018,"Percentile",NA,0.25,0.5,NA,"Abs_Abd"
"Case5","Chinook","CU5_Chinook","SpnForTrend_Wild",2019,"Percentile",NA,0.25,0.5,NA,"Abs_Abd"
"Case5","Chinook","CU5_Chinook","SpnForTrend_Wild",2020,"Percentile",NA,0.25,0.5,NA,"Abs_Abd"
"Case5","Chinook","CU5_Chinook","SpnForTrend_Wild",2021,"Percentile",NA,0.25,0.5,NA,"Abs_Abd"
"Case5","Chinook","CU5_Chinook","SpnForTrend_Wild",2022,"Percentile",NA,0.25,0.5,NA,"Abs_Abd"
"Case5","Chinook","CU5_Chinook","SpnForTrend_Wild",2023,"Percentile",0.7333,0.25,0.5,"Green","Abs_Abd"
"Case6","Coho","CU6_Coho","SpnForTrend_Wild",1995,"LongTrend",NA,0.5,0.75,NA,"Abs_Abd"
"Case6","Coho","CU6_Coho","SpnForTrend_Wild",1996,"LongTrend",NA,0.5,0.75,NA,"Abs_Abd"
"Case6","Coho","CU6_Coho","SpnForTrend_Wild",1997,"LongTrend",NA,0.5,0.75,NA,"Abs_Abd"
"Case6","Coho","CU6_Coho","SpnForTrend_Wild",1998,"LongTrend",NA,0.5,0.75,NA,"Abs_Abd"
"Case6","Coho","CU6_Coho","SpnForTrend_Wild",1999,"LongTrend",NA,0.5,0.75,NA,"Abs_Abd"
"Case6","Coho","CU6_Coho","SpnForTrend_Wild",2000,"LongTrend",NA,0.5,0.75,NA,"Abs_Abd"
"Case6","Coho","CU6_Coho","SpnForTrend_Wild",2001,"LongTrend",NA,0.5,0.75,NA,"Abs_Abd"
"Case6","Coho","CU6_Coho","SpnForTrend_Wild",2002,"LongTrend",NA,0.5,0.75,NA,"Abs_Abd"
"Case6","Coho","CU6_Coho","SpnForTrend_Wild",2003,"LongTrend",NA,0.5,0.75,NA,"Abs_Abd"
"Case6","Coho","CU6_Coho","SpnForTrend_Wild",2004,"LongTrend",NA,0.5,0.75,NA,"Abs_Abd"
"Case6","Coho","CU6_Coho","SpnForTrend_Wild",2005,"LongTrend",NA,0.5,0.75,NA,"Abs_Abd"
"Case6","Coho","CU6_Coho","SpnForTrend_Wild",2006,"LongTrend",NA,0.5,0.75,NA,"Abs_Abd"
"Case6","Coho","CU6_Coho","SpnForTrend_Wild",2007,"LongTrend",NA,0.5,0.75,NA,"Abs_Abd"
"Case6","Coho","CU6_Coho","SpnForTrend_Wild",2008,"LongTrend",NA,0.5,0.75,NA,"Abs_Abd"
"Case6","Coho","CU6_Coho","SpnForTrend_Wild",2009,"LongTrend",NA,0.5,0.75,NA,"Abs_Abd"
"Case6","Coho","CU6_Coho","SpnForTrend_Wild",2010,"LongTrend",NA,0.5,0.75,NA,"Abs_Abd"
"Case6","Coho","CU6_Coho","SpnForTrend_Wild",2011,"LongTrend",NA,0.5,0.75,NA,"Abs_Abd"
"Case6","Coho","CU6_Coho","SpnForTrend_Wild",2012,"LongTrend",1.04,0.5,0.75,"Green","Abs_Abd"
"Case6","Coho","CU6_Coho","SpnForTrend_Wild",2013,"LongTrend",1.35,0.5,0.75,"Green","Abs_Abd"
"Case6","Coho","CU6_Coho","SpnForTrend_Wild",2014,"LongTrend",1,0.5,0.75,"Green","Abs_Abd"
"Case6","Coho","CU6_Coho","SpnForTrend_Wild",2015,"LongTrend",0.46,0.5,0.75,"Red","Abs_Abd"
"Case6","Coho","CU6_Coho","SpnForTrend_Wild",2016,"LongTrend",0.29,0.5,0.75,"Red","Abs_Abd"
"Case6","Coho","CU6_Coho","SpnForTrend_Wild",2017,"LongTrend",0.34,0.5,0.75,"Red","Abs_Abd"
"Case6","Coho","CU6_Coho","SpnForTrend_Wild",2018,"LongTrend",0.8,0.5,0.75,"Green","Abs_Abd"
"Case6","Coho","CU6_Coho","SpnForTrend_Wild",2019,"LongTrend",1.12,0.5,0.75,"Green","Abs_Abd"
"Case6","Coho","CU6_Coho","SpnForTrend_Wild",2020,"LongTrend",1.61,0.5,0.75,"Green","Abs_Abd"
"Case6","Coho","CU6_Coho","SpnForTrend_Wild",2021,"LongTrend",1.27,0.5,0.75,"Green","Abs_Abd"
"Case6","Coho","CU6_Coho","SpnForTrend_Wild",2022,"LongTrend",1.54,0.5,0.75,"Green","Abs_Abd"
"Case6","Coho","CU6_Coho","SpnForTrend_Wild",2023,"LongTrend",1.54,0.5,0.75,"Green","Abs_Abd"
"Case6","Coho","CU6_Coho","SpnForTrend_Wild",1995,"PercChange",NA,-25,-15,NA,"Abs_Abd"
"Case6","Coho","CU6_Coho","SpnForTrend_Wild",1996,"PercChange",NA,-25,-15,NA,"Abs_Abd"
"Case6","Coho","CU6_Coho","SpnForTrend_Wild",1997,"PercChange",NA,-25,-15,NA,"Abs_Abd"
"Case6","Coho","CU6_Coho","SpnForTrend_Wild",1998,"PercChange",NA,-25,-15,NA,"Abs_Abd"
"Case6","Coho","CU6_Coho","SpnForTrend_Wild",1999,"PercChange",NA,-25,-15,NA,"Abs_Abd"
"Case6","Coho","CU6_Coho","SpnForTrend_Wild",2000,"PercChange",NA,-25,-15,NA,"Abs_Abd"
"Case6","Coho","CU6_Coho","SpnForTrend_Wild",2001,"PercChange",NA,-25,-15,NA,"Abs_Abd"
"Case6","Coho","CU6_Coho","SpnForTrend_Wild",2002,"PercChange",NA,-25,-15,NA,"Abs_Abd"
"Case6","Coho","CU6_Coho","SpnForTrend_Wild",2003,"PercChange",NA,-25,-15,NA,"Abs_Abd"
"Case6","Coho","CU6_Coho","SpnForTrend_Wild",2004,"PercChange",NA,-25,-15,NA,"Abs_Abd"
"Case6","Coho","CU6_Coho","SpnForTrend_Wild",2005,"PercChange",NA,-25,-15,NA,"Abs_Abd"
"Case6","Coho","CU6_Coho","SpnForTrend_Wild",2006,"PercChange",NA,-25,-15,NA,"Abs_Abd"
"Case6","Coho","CU6_Coho","SpnForTrend_Wild",2007,"PercChange",NA,-25,-15,NA,"Abs_Abd"
"Case6","Coho","CU6_Coho","SpnForTrend_Wild",2008,"PercChange",NA,-25,-15,NA,"Abs_Abd"
"Case6","Coho","CU6_Coho","SpnForTrend_Wild",2009,"PercChange",-60.5747,-25,-15,"Red","Abs_Abd"
"Case6","Coho","CU6_Coho","SpnForTrend_Wild",2010,"PercChange",-66.7871,-25,-15,"Red","Abs_Abd"
"Case6","Coho","CU6_Coho","SpnForTrend_Wild",2011,"PercChange",-62.3272,-25,-15,"Red","Abs_Abd"
"Case6","Coho","CU6_Coho","SpnForTrend_Wild",2012,"PercChange",-49.8668,-25,-15,"Red","Abs_Abd"
"Case6","Coho","CU6_Coho","SpnForTrend_Wild",2013,"PercChange",-13.743,-25,-15,"Green","Abs_Abd"
"Case6","Coho","CU6_Coho","SpnForTrend_Wild",2014,"PercChange",26.5387,-25,-15,"Green","Abs_Abd"
"Case6","Coho","CU6_Coho","SpnForTrend_Wild",2015,"PercChange",11.5475,-25,-15,"Green","Abs_Abd"
"Case6","Coho","CU6_Coho","SpnForTrend_Wild",2016,"PercChange",-30,-25,-15,"Red","Abs_Abd"
"Case6","Coho","CU6_Coho","SpnForTrend_Wild",2017,"PercChange",-52.3664,-25,-15,"Red","Abs_Abd"
"Case6","Coho","CU6_Coho","SpnForTrend_Wild",2018,"PercChange",-51.949,-25,-15,"Red","Abs_Abd"
"Case6","Coho","CU6_Coho","SpnForTrend_Wild",2019,"PercChange",-41.713,-25,-15,"Red","Abs_Abd"
"Case6","Coho","CU6_Coho","SpnForTrend_Wild",2020,"PercChange",-18.1398,-25,-15,"Amber","Abs_Abd"
"Case6","Coho","CU6_Coho","SpnForTrend_Wild",2021,"PercChange",10.0477,-25,-15,"Green","Abs_Abd"
"Case6","Coho","CU6_Coho","SpnForTrend_Wild",2022,"PercChange",92.4958,-25,-15,"Green","Abs_Abd"
"Case6","Coho","CU6_Coho","SpnForTrend_Wild",2023,"PercChange",279.3311,-25,-15,"Green","Abs_Abd"
"Case6","Coho","CU6_Coho","SpnForTrend_Wild",1995,"ProbDeclBelowLBM",NA,NA,NA,NA,"Abs_Abd"
"Case6","Coho","CU6_Coho","SpnForTrend_Wild",1996,"ProbDeclBelowLBM",NA,NA,NA,NA,"Abs_Abd"
"Case6","Coho","CU6_Coho","SpnForTrend_Wild",1997,"ProbDeclBelowLBM",NA,NA,NA,NA,"Abs_Abd"
"Case6","Coho","CU6_Coho","SpnForTrend_Wild",1998,"ProbDeclBelowLBM",NA,NA,NA,NA,"Abs_Abd"
"Case6","Coho","CU6_Coho","SpnForTrend_Wild",1999,"ProbDeclBelowLBM",NA,NA,NA,NA,"Abs_Abd"
"Case6","Coho","CU6_Coho","SpnForTrend_Wild",2000,"ProbDeclBelowLBM",NA,NA,NA,NA,"Abs_Abd"
"Case6","Coho","CU6_Coho","SpnForTrend_Wild",2001,"ProbDeclBelowLBM",NA,NA,NA,NA,"Abs_Abd"
"Case6","Coho","CU6_Coho","SpnForTrend_Wild",2002,"ProbDeclBelowLBM",NA,NA,NA,NA,"Abs_Abd"
"Case6","Coho","CU6_Coho","SpnForTrend_Wild",2003,"ProbDeclBelowLBM",NA,NA,NA,NA,"Abs_Abd"
"Case6","Coho","CU6_Coho","SpnForTrend_Wild",2004,"ProbDeclBelowLBM",NA,NA,NA,NA,"Abs_Abd"
"Case6","Coho","CU6_Coho","SpnForTrend_Wild",2005,"ProbDeclBelowLBM",NA,NA,NA,NA,"Abs_Abd"
"Case6","Coho","CU6_Coho","SpnForTrend_Wild",2006,"ProbDeclBelowLBM",NA,NA,NA,NA,"Abs_Abd"
"Case6","Coho","CU6_Coho","SpnForTrend_Wild",2007,"ProbDeclBelowLBM",NA,NA,NA,NA,"Abs_Abd"
"Case6","Coho","CU6_Coho","SpnForTrend_Wild",2008,"ProbDeclBelowLBM",NA,NA,NA,NA,"Abs_Abd"
"Case6","Coho","CU6_Coho","SpnForTrend_Wild",2009,"ProbDeclBelowLBM",99.2667,NA,NA,NA,"Abs_Abd"
"Case6","Coho","CU6_Coho","SpnForTrend_Wild",2010,"ProbDeclBelowLBM",99.8,NA,NA,NA,"Abs_Abd"
"Case6","Coho","CU6_Coho","SpnForTrend_Wild",2011,"ProbDeclBelowLBM",99.1,NA,NA,NA,"Abs_Abd"
"Case6","Coho","CU6_Coho","SpnForTrend_Wild",2012,"ProbDeclBelowLBM",87.7667,NA,NA,NA,"Abs_Abd"
"Case6","Coho","CU6_Coho","SpnForTrend_Wild",2013,"ProbDeclBelowLBM",36.5333,NA,NA,NA,"Abs_Abd"
"Case6","Coho","CU6_Coho","SpnForTrend_Wild",2014,"ProbDeclBelowLBM",8.1667,NA,NA,NA,"Abs_Abd"
"Case6","Coho","CU6_Coho","SpnForTrend_Wild",2015,"ProbDeclBelowLBM",16.7333,NA,NA,NA,"Abs_Abd"
"Case6","Coho","CU6_Coho","SpnForTrend_Wild",2016,"ProbDeclBelowLBM",54.7667,NA,NA,NA,"Abs_Abd"
"Case6","Coho","CU6_Coho","SpnForTrend_Wild",2017,"ProbDeclBelowLBM",77.4,NA,NA,NA,"Abs_Abd"
"Case6","Coho","CU6_Coho","SpnForTrend_Wild",2018,"ProbDeclBelowLBM",78.7667,NA,NA,NA,"Abs_Abd"
"Case6","Coho","CU6_Coho","SpnForTrend_Wild",2019,"ProbDeclBelowLBM",65.3,NA,NA,NA,"Abs_Abd"
"Case6","Coho","CU6_Coho","SpnForTrend_Wild",2020,"ProbDeclBelowLBM",45.5667,NA,NA,NA,"Abs_Abd"
"Case6","Coho","CU6_Coho","SpnForTrend_Wild",2021,"ProbDeclBelowLBM",28.6667,NA,NA,NA,"Abs_Abd"
"Case6","Coho","CU6_Coho","SpnForTrend_Wild",2022,"ProbDeclBelowLBM",9.2667,NA,NA,NA,"Abs_Abd"
"Case6","Coho","CU6_Coho","SpnForTrend_Wild",2023,"ProbDeclBelowLBM",0.8667,NA,NA,NA,"Abs_Abd"
"Case6","Coho","CU6_Coho","SpnForTrend_Wild",1995,"Percentile",NA,0.25,0.5,NA,"Abs_Abd"
"Case6","Coho","CU6_Coho","SpnForTrend_Wild",1996,"Percentile",NA,0.25,0.5,NA,"Abs_Abd"
"Case6","Coho","CU6_Coho","SpnForTrend_Wild",1997,"Percentile",NA,0.25,0.5,NA,"Abs_Abd"
"Case6","Coho","CU6_Coho","SpnForTrend_Wild",1998,"Percentile",NA,0.25,0.5,NA,"Abs_Abd"
"Case6","Coho","CU6_Coho","SpnForTrend_Wild",1999,"Percentile",NA,0.25,0.5,NA,"Abs_Abd"
"Case6","Coho","CU6_Coho","SpnForTrend_Wild",2000,"Percentile",NA,0.25,0.5,NA,"Abs_Abd"
"Case6","Coho","CU6_Coho","SpnForTrend_Wild",2001,"Percentile",NA,0.25,0.5,NA,"Abs_Abd"
"Case6","Coho","CU6_Coho","SpnForTrend_Wild",2002,"Percentile",NA,0.25,0.5,NA,"Abs_Abd"
"Case6","Coho","CU6_Coho","SpnForTrend_Wild",2003,"Percentile",NA,0.25,0.5,NA,"Abs_Abd"
"Case6","Coho","CU6_Coho","SpnForTrend_Wild",2004,"Percentile",NA,0.25,0.5,NA,"Abs_Abd"
"Case6","Coho","CU6_Coho","SpnForTrend_Wild",2005,"Percentile",NA,0.25,0.5,NA,"Abs_Abd"
"Case6","Coho","CU6_Coho","SpnForTrend_Wild",2006,"Percentile",NA,0.25,0.5,NA,"Abs_Abd"
"Case6","Coho","CU6_Coho","SpnForTrend_Wild",2007,"Percentile",NA,0.25,0.5,NA,"Abs_Abd"
"Case6","Coho","CU6_Coho","SpnForTrend_Wild",2008,"Percentile",NA,0.25,0.5,NA,"Abs_Abd"
"Case6","Coho","CU6_Coho","SpnForTrend_Wild",2009,"Percentile",NA,0.25,0.5,NA,"Abs_Abd"
"Case6","Coho","CU6_Coho","SpnForTrend_Wild",2010,"Percentile",NA,0.25,0.5,NA,"Abs_Abd"
"Case6","Coho","CU6_Coho","SpnForTrend_Wild",2011,"Percentile",NA,0.25,0.5,NA,"Abs_Abd"
"Case6","Coho","CU6_Coho","SpnForTrend_Wild",2012,"Percentile",NA,0.25,0.5,NA,"Abs_Abd"
"Case6","Coho","CU6_Coho","SpnForTrend_Wild",2013,"Percentile",NA,0.25,0.5,NA,"Abs_Abd"
"Case6","Coho","CU6_Coho","SpnForTrend_Wild",2014,"Percentile",0.5333,0.25,0.5,"Green","Abs_Abd"
"Case6","Coho","CU6_Coho","SpnForTrend_Wild",2015,"Percentile",0.375,0.25,0.5,"Amber","Abs_Abd"
"Case6","Coho","CU6_Coho","SpnForTrend_Wild",2016,"Percentile",0.1176,0.25,0.5,"Red","Abs_Abd"
"Case6","Coho","CU6_Coho","SpnForTrend_Wild",2017,"Percentile",0.1111,0.25,0.5,"Red","Abs_Abd"
"Case6","Coho","CU6_Coho","SpnForTrend_Wild",2018,"Percentile",0.1053,0.25,0.5,"Red","Abs_Abd"
"Case6","Coho","CU6_Coho","SpnForTrend_Wild",2019,"Percentile",0.2,0.25,0.5,"Red","Abs_Abd"
"Case6","Coho","CU6_Coho","SpnForTrend_Wild",2020,"Percentile",0.5238,0.25,0.5,"Green","Abs_Abd"
"Case6","Coho","CU6_Coho","SpnForTrend_Wild",2021,"Percentile",0.6364,0.25,0.5,"Green","Abs_Abd"
"Case6","Coho","CU6_Coho","SpnForTrend_Wild",2022,"Percentile",0.7391,0.25,0.5,"Green","Abs_Abd"
"Case6","Coho","CU6_Coho","SpnForTrend_Wild",2023,"Percentile",0.7083,0.25,0.5,"Green","Abs_Abd"
